Address,District,City,Size,Price,Description
Kotinummenkuja 2 D 13,Tapanila,Helsinki,58 m²,199 000 €,"
2h+k+kph+ter+piha
"
Thomas Byströmin kuja 2 C,Jätkäsaari,Helsinki,65 m²,555 000 €,"
2h+kt+s+2x las.parveke
"
Kolmas linja 5 A,Kallio,Helsinki,55 m²,304 000 €,"
2-3h+k+kph+vh
"
Raaseporintie 1 C,Puotinharju,Helsinki,46 m²,189 000 €,"
2h+k+kph+vh+parveke
"
Maurinkatu 14 D,Kruununhaka,Helsinki,"45,5 m²",340 000 €,"
2h + k+kph/wc+2 vh
"
Liusketie 2,Pihlajamäki,Helsinki,55 m²,115 000 €,"
2h+kk
"
Vaasankatu 19,Harju,Helsinki,54 m²,345 000 €,"
2h, k, vh, kph
"
Maaherrantie 34 A 17,Oulunkylä,Helsinki,"45,5 m²",323 100 €,"
2H+KT+S
"
Maaherrantie 34 A 14,Oulunkylä,Helsinki,"59,5 m²",345 100 €,"
2H+KT+VIHERH.
"
Naapurintie 4 A,Kontula,Helsinki,50 m²,187 000 €,"
2h+kk+s
"
Neitsytsaarentie 9a A,Vuosaari,Helsinki,54 m²,158 000 €,"
2h, k, kph, vh, p (yj. 2 h+k)
"
Vuorimiehenkatu 33 A,Ullanlinna,Helsinki,"53,6 m²",428 000 €,"
2h + k + kph + vh
"
Poutamäentie 12,Pajamäki,Helsinki,"53,5 m²",267 000 €,"
2h + k + lasitettu länsiparveke
"
Laurinniityntie 17 a,Lassila,Helsinki,50 m²,224 000 €,"
2h+kk+kph+s+p
"
Kurkisuontie 14 E,Kurkimäki,Helsinki,60 m²,178 000 €,"
2 h, k, s, kph, p
"
Fleminginkatu 23 B,Alppiharju,Helsinki,42 m²,295 000 €,"
2h+kk
"
Hiihtomäentie 21 B,Herttoniemi,Helsinki,"41,5 m²",235 000 €,"
2h+avok+alk+kph (yhtiöjärjestyksen mukaan 2h+kk+kh)
"
Palkkatilankatu 8,Länsi-Pasila,Helsinki,"54,5 m²",309 000 €,"
2h+k+kph+eril.wc+las.parveke
"
Pohjoiskaari 15,Lauttasaari,Helsinki,"77,5 m²",745 000 €,"
77 m2 loft (2-3h+avok.+aula+kph/khh)+parvi+terassi
"
Pääskylänrinne 4 B,Sörnäinen,Helsinki,51 m²,255 000 €,"
2h+avok+kph+et (yhtiöj. mukaan 2h+halli+kk)
"
Rapakivenkuja 2,Pihlajamäki,Helsinki,"52,5 m²",160 000 €,"
2h, k, kph, lasitettu parveke
"
Sturenkatu 36 B,Vallila,Helsinki,"52,5 m²",327 400 €,"
2h, avok, kph, et.
"
Sturenkatu 30 B 24,Vallila,Helsinki,"61,1 m²",349 000 €,"
2h + avok
"
Merikorttikuja 2,Vuosaari,Helsinki,"50,8 m²",184 000 €,"
2h+k
"
Kurkisuontie 14 D,Kurkimäki,Helsinki,64 m²,185 000 €,"
2h, k, kph, s, vh, las. parv
"
Kontulankaari 2 B,Kontula,Helsinki,58 m²,129 000 €,"
2h+k+kph+lasitettu parveke (yhtiöjärjestyksen mukaan 2h+k)
"
Vaasankatu 18 B,Kallio,Helsinki,"50,5 m²",320 000 €,"
2h, k, kph, lasitettu parveke
"
Taidemaalarinkatu 8 C 47,Kuninkaantammi,Helsinki,"42,5 m²",243 500 €,"
2H+KT
"
Hämeentie 152 B,Toukola,Helsinki,"37,4 m²",249 000 €,"
2h, k, kph, et, vh
"
Pakkamestarinkatu 3 C,Itä-Pasila,Helsinki,"59,5 m²",298 000 €,"
2h, k, kph, et, lasitettu parveke
"
Luistarinkuja 6 B,Vesala,Helsinki,43 m²,139 000 €,"
2h, k, kph, terassi
"
Mannerheimintie 56 F,Töölö,Helsinki,"77,2 m²",590 000 €,"
2h+k+kph
"
Näyttelijäntie 18,Haaga,Helsinki,48 m²,276 000 €,"
2h + k + p
"
Pikalähetintie 14 C,Oulunkylä,Helsinki,"37,5 m²",239 000 €,"
2h+kk+kph+parveke
"
Kolmas Linja 28 B,Kallio,Helsinki,"51,5 m²",364 000 €,"
2h+k
"
Merimiehenkatu 10,Punavuori,Helsinki,63 m²,573 000 €,"
2h, k, kph
"
Runeberginkatu 21 C,Etu-Töölö,Helsinki,"56,2 m²",458 000 €,"
2h+avok+kph+erill.wc+vh 
"
Sturenkatu 7 A,Alppila,Helsinki,"51,5 m²",340 000 €,"
2h + avok + kph + p
"
Taivaanvuohentie 2 A,Lauttasaari,Helsinki,43 m²,339 000 €,"
2h + kk + p
"
Töölönkatu 35 A,Taka-Töölö,Helsinki,57 m²,439 000 €,"
2h+kk+r.alk
"
Mäkelänkatu 15 D,Vallila,Helsinki,32 m²,245 000 €,"
2h,avok,kph (2h+kk)
"
Uudenmaankatu 13 B,Punavuori / Kamppi,Helsinki,"70,6 m²",704 000 €,"
2h + k + työtila + vh
"
Karstulantie,Vallila,Helsinki,"40,5 m²",383 000 €,"
2h + kt
"
Hiekkalaiturinraitti 12 B,Kallahti,Helsinki,"54,5 m²",218 000 €,"
2h+k
"
Köydenpunojankatu 8 B,Kamppi,Helsinki,"42,5 m²",338 000 €,"
2h+kk
"
Mäkelänkatu 4 Db,Vallila,Helsinki,57 m²,418 000 €,"
2h+k+kph+parveke
"
Hellemäenpolku 3,Haaga,Helsinki,55 m²,255 000 €,"
2h + avok + kph+vh+lasitettu parveke
"
Telatie 8 A,Vartiokylä,Helsinki,"49,6 m²",185 000 €,"
2h+k
"
Ounasvaarankuja 3 B,Mellunmäki,Helsinki,"54,5 m²",158 000 €,"
2h+k
"
Tiirismaantie 9 A,Malmi,Helsinki,"59,5 m²",148 000 €,"
2h + p + k
"
Klaavuntie 7 A,Puotila,Helsinki,"52,5 m²",205 000 €,"
2h,k,kph,vh
"
Korppaanmäentie 6,Pikku Huopalahti,Helsinki,57 m²,298 000 €,"
2h, k, kph, parveke
"
Mannerheimintie 61 A,Taka-Töölö,Helsinki,"72,5 m²",542 000 €,"
2h, k, kph, wc, vaatehuone, alkovi
"
Ulvilantie 19c B 50,Munkkivuori,Helsinki,38 m²,239 000 €,"
2h+kk+kph+rp
"
Siltasaarenkatu 24 C,Kallio,Helsinki,44 m²,342 000 €,"
2h, kk, kph, parveke (yj:n mukaan 2h + kk)
"
Liusketie 2 H,Pihlajamäki,Helsinki,"55,5 m²",110 000 €,"
2h+kk
"
Haarniskatie 5 B,Puotila,Helsinki,52 m²,199 000 €,"
2h + k + p
"
Kutomotie 11 D 6,Pitäjänmäki,Helsinki,52 m²,295 000 €,"
2h+k+kph+las.parv
"
Pietarinkatu 15,Ullanlinna,Helsinki,38 m²,385 000 €,"
1h, halli, kk, kh
"
Kahvipavunkuja 2 a,Aurinkolahti,Helsinki,53 m²,329 000 €,"
2h+kt
"
Kanneltie 7 B,Kannelmäki,Helsinki,"40,5 m²",185 000 €,"
2h+k+kph+vh+las.parv
"
Köydenpunojankatu 8 J,Kamppi,Helsinki,43 m²,398 000 €,"
2h, k, kph, lasitettu parveke
"
Torkkelinkuja 20 A,Torkkelinmäki,Helsinki,"57,6 m²",495 000 €,"
2h+k
"
Harjutori 2 B,Kallio,Helsinki,"40,5 m²",275 000 €,"
2h + k + kph
"
Lönnrotinkatu 21 C,Kamppi,Helsinki,57 m²,509 000 €,"
2h, avok, s, parveke.
"
Hämeentie 85-89 B,Hermanni/Vallilla,Helsinki,47 m²,269 000 €,"
2h,kk,alkovi,kph,vh,ransk.parv.
"
Mechelininkatu 26 A,Etu-Töölö,Helsinki,62 m²,460 000 €,"
2 h, avok, kph
"
Viherniemenkatu 1,Hakaniemi,Helsinki,"52,5 m²",329 000 €,"
2h, kk, et, kph/wc
"
KALJAASI FORTUNAN KATU 1,Sompasaari,Helsinki,"45,5 m²",509 000 €,"
2h + avok + kph + parveke
"
Hauhontie 8 N,Vallila,Helsinki,"45,7 m²",375 000 €,"
2h+k+kh (yj:n mukaan 2h+k)
"
Kalevankatu 26,Kamppi,Helsinki,"47,5 m²",409 000 €,"
2h + avok + kph + vh
"
Hämeentie 54-56 B,Sörnäinen,Helsinki,"48,5 m²",298 000 €,"
2h, avok, las. parveke (yj:n mukaan 2h+k)
"
Koskelantie 31 C 28,Käpylä,Helsinki,62 m²,350 000 €,"
2h+k+kph+p
"
Ounasvaarantie 7,Mellunkylä,Helsinki,50 m²,10 518 €,"
2H+KK
"
Leskirouva Freytagin kuja 1 B 21,Latokartano,Helsinki,46 m²,284 000 €,"
2h+k+kph+s+las.parv
"
Kajaaninlinnantie 6 A,Puotinharju,Helsinki,50 m²,185 000 €,"
2h+k+kph+parveke
"
Kauppiaankatu 8-10,Katajanokka,Helsinki,45 m²,382 000 €,"
2h, avok, kph
"
Tuohiaukio 4,Kaarela,Helsinki,51 m²,210 000 €,"
2h + kk + s + p
"
Mannerheimintie 128 A,Meilahti,Helsinki,56 m²,358 000 €,"
2h, avok, kph 
"
Vanhaistentie 1 b B35,Kannelmäki,Helsinki,43 m²,246 900 €,"
2H+KT
"
Vanhaistentie 1 b B40,Kannelmäki,Helsinki,"46,5 m²",246 900 €,"
2H+KT
"
Vanhaistentie 1 b B42,Kannelmäki,Helsinki,42 m²,243 900 €,"
2H+KT
"
Sammatintie 11 as. 13,Vallila,Helsinki,"46,5 m²",337 500 €,"
2h + kt
"
Sammatintie 11 as. 26,Vallila,Helsinki,44 m²,381 500 €,"
2h + kt
"
Maustetehtaankatu 6 B 36,Aurinkolahti,Helsinki,55 m²,279 000 €,"
2h + avok + s + p
"
Leikosaarentie 7 D,Kallahti,Helsinki,"49,5 m²",185 000 €,"
2h+kk+rt+kph+s+parveke (yj:n mukaan 2h+kk+s)
"
Laivastokatu 12 B,Katajanokka,Helsinki,38 m²,435 000 €,"
Oh, alkovi lasiseinällä, keittiö, kph (yj:n mukaan 1h+kk+kh+alk)
"
Sepänkatu 7 B,Punavuori,Helsinki,45 m²,448 000 €,"
2h+avok+kph (yhtiöjärj. 2 h+k)
"
Revontulentie 2 I,Suutarila,Helsinki,"59,5 m²",209 000 €,"
2h, avok, kph, s, varasto, piha
"
Toinen linja 23 A,Kallio,Helsinki,50 m²,359 000 €,"
2h+avok
"
Pääskylänrinne 6 B,Sörnäinen,Helsinki,43 m²,249 000 €,"
2h, avok, kph, vh, et 
"
Luuvaniementie 10 E,Niemenmäki,Helsinki,57 m²,318 000 €,"
2h+k
"
Maasälväntie 16,Pihlajamäki,Helsinki,40 m²,157 000 €,"
2h + kk
"
Isonnevantie 7-9 C,Etelä-Haaga,Helsinki,45 m²,298 000 €,"
2h+avok+kph+p
"
Toini Muonan katu 3 b,Arabianranta,Helsinki,49 m²,21 284 €,"
2H+KK
"
Mäkitorpantie 42 A,Oulunkylä,Helsinki,56 m²,255 000 €,"
2 h, k, kh/wc, p (Yj. 2h+k)
"
Kutomotie 14 B,Tali,Helsinki,"40,5 m²",315 000 €,"
2h + avok + kph + avoterassi.
"
Töölöntullinkatu 4-6 A 26,Meilahti,Helsinki,"52,5 m²",593 000 €,"
2h+kt
"
Kinaporinkatu 3,Kallio,Helsinki,43 m²,322 900 €,"
2h + k
"
Runeberginkatu 28 B,Etu-Töölö,Helsinki,"57,5 m²",488 000 €,"
2h, k, kph, s
"
Fredrikinkatu 20 G,Punavuori,Helsinki,70 m²,644 000 €,"
2h+k+kph (yhtiöjärjestyksessä 2 h+k)
"
Pengerkatu 9 B,Kallio,Helsinki,"41,5 m²",278 000 €,"
2h+kk+kph
"
Malmin kauppatie 4 a,Malmi,Helsinki,57 m²,22 620 €,"
2H+K+S
"
Pyynikintie 5 G,Pihlajisto,Helsinki,"61,6 m²",155 000 €,"
2h, k, kph, et, las.parv.
"
Maaherrantie 34 A 35,Oulunkylä,Helsinki,"45,5 m²",341 300 €,"
2H+KT+S
"
Rapakivenkuja 5 S,Malmi,Helsinki,55 m²,184 000 €,"
2h + avok + rt + p
"
Käsityöläisentie 17 A,Tapulikaupunki,Helsinki,"62,5 m²",110 000 €,"
2h+k+kph+parv
"
Kahvipavunkuja 2 B,Aurinkolahti,Helsinki,"43,5 m²",296 500 €,"
2h/avok + p (yht.järj. mukaan 2h+kt)
"
Mäkelänkatu 3 A,Vallila,Helsinki,47 m²,326 000 €,"
2h+k+kph+p
"
Aurinkotuulenkatu 20,Aurinkolahti,Helsinki,50 m²,316 000 €,"
2h, kk, kph, s, lasit. parveke
"
Inkoonkatu 5,Alppila,Helsinki,41 m²,229 000 €,"
2h+kk+kph+vh+lasitettu parveke
"
Kylätie 11-13,Etelä-Haaga,Helsinki,"44,5 m²",238 000 €,"
1-2h, avok, kph, vh, las.p
"
Kuusitie 2 B,Meilahti,Helsinki,40 m²,359 000 €,"
2h, kt, kph
"
Töölönkatu 26 C 50,Taka-Töölö,Helsinki,47 m²,399 500 €,"
2h + k + vh+p
"
Sauvontie 6A3,Ruskeasuo,Helsinki,"48,5 m²",300 731 €,"
2h + avok + ranskalainen parveke
"
ENGLANTILAISAUKIO 10 A,Kalasatama,Helsinki,52 m²,459 900 €,"
2h+kt+viherhuone
"
Lauttasaarentie 1 C,Lauttasaari,Helsinki,65 m²,574 000 €,"
2h, avokeittiö, rt, kph, las.parveke
"
Agronominkatu 10 D,Viikki,Helsinki,"54,5 m²",309 000 €,"
2h, kk, lasitettu parveke 
"
Sulkapolku 1 C42,Pitäjänmäki,Helsinki,41 m²,220 900 €,"
2h+kt
"
Renginkuja 1 C 21,Malminkartano,Helsinki,41 m²,147 000 €,"
2h+k+kph+vh+ter
"
Merimiehenkatu 18 A,Punavuori,Helsinki,48 m²,429 000 €,"
2h, avok, kh, erillinen wc, (yj.1 h+k+kh+WC)
"
Jokisuuntie 11 B 43,Viikinranta,Helsinki,"47,5 m²",325 000 €,"
2h+avok+kph+s+las.parv
"
Kuparitie 12 F 97,Haaga,Helsinki,59 m²,248 000 €,"
2h+k+kph+las.parv
"
Rapakivenkuja 5 S,Pihlajamäki,Helsinki,"55,5 m²",164 000 €,"
2h+kk+lasitettu parveke
"
Valpurintie 6 A,Meilahti,Helsinki,48 m²,319 000 €,"
2h, k
"
Norkkokuja 6 ja 7,Viikki,Helsinki,"48,5 m²",20 710 €,"
2H+K
"
Suvilahdenkatu 3-5 A,Sörnäinen,Helsinki,50 m²,260 000 €,"
2h+k+kph+vh
"
Mesenaatintie 1,Talinranta,Helsinki,"51,5 m²",260 164 €,"
2h+k+kph+s+ter
"
Punavuorenkatu 11 B,Punavuori,Helsinki,"44,5 m²",355 000 €,"
2 h, keittiö, kph ja parveke (isännöitsijäntodistuksen mukaan 2h+k) 
"
Albertinkatu 9 A,Punavuori,Helsinki,42 m²,439 000 €,"
2h + avok + kph
"
KUNINKAANTAMMENKIERTO 10 C,Kuninkaantammi,Helsinki,45 m²,231 000 €,"
2h+kt
"
Niemenmäentie 3,Munkkiniemi,Helsinki,53 m²,267 000 €,"
2h + avokeittiö + lasitettu parveke
"
Tilanhoitajankaari 14 A,Viikki,Helsinki,58 m²,307 000 €,"
2h+k+s
"
Kastelholmantie 4 A,Puotinharju,Helsinki,"51,5 m²",166 000 €,"
2h+k+kph+lasitettu parveke
"
Koirasaarentie 1,Laajasalo,Helsinki,56 m²,278 000 €,"
2h, k, kph, s, p
"
Lampuotilantie 34-36 C,Maunula,Helsinki,51 m²,238 000 €,"
2h+k+kph+vh+lasitettu parveke
"
Mannerheimintie 100 A,Taka-Töölö,Helsinki,54 m²,398 000 €,"
2-3h+k+khh+kph+erill.wc+parv.
"
Korppaanmäentie 36 a,Pikku Huopalahti,Helsinki,"43,5 m²",257 000 €,"
2h+kk+kh+parveke (yj:n mukaan 2h+kk)
"
Koskelantie 28,Käpylä,Helsinki,55 m²,290 000 €,"
2h, avokeittiö, kph, parveke
"
Meri-Rastilantie 11,Vuosaari,Helsinki,"60,5 m²",13 957 €,"
2H+K+S
"
Paciuksenkaari 12 A 05,Huopalahti,Helsinki,"46,5 m²",16 592 €,"
2H+KK+S
"
Vanhanlinnankuja 1 D,Puotinharju/Itäkeskus,Helsinki,"59,5 m²",159 900 €,"
2h+k+kph+parv.
"
Otavantie 2 A,Lauttasaari,Helsinki,37 m²,315 000 €,"
2h+k+kph+p (yhtiöjärjestyksen mukaan 2h+k+kh)
"
Viikintie 5 A,Vanhankaupunginkoski,Helsinki,"46,5 m²",298 000 €,"
2h+kk+kph+sauna+lasitett parveke
"
Poutuntie 13 A,Pohjois-Haaga,Helsinki,"51,3 m²",298 000 €,"
2h,k,kph,vh,parveke
"
Pursimiehenkatu 15,Punavuori,Helsinki,77 m²,898 000 €,"
2h, avok, kph/s, wc, 2xterassi, varasto
"
Kivisaarentie 5 B,Vuosaari,Helsinki,"52,5 m²",159 000 €,"
2h,kk,kph,parveke
"
Leimasinkatu 9,Postipuisto,Helsinki,"64,5 m²",351 900 €,"
3h + kt
"
Leimasinkatu 9,Pasila,Helsinki,"81,5 m²",419 900 €,"
4h + kt
"
Leimasinkatu 9,Postipuisto,Helsinki,"64,5 m²",331 900 €,"
3h + kt
"
Messeniuksenkatu 10 B,Taka-Töölö,Helsinki,40 m²,349 000 €,"
2h+k+kph+parveke
"
Roihuvuorentie 18,Roihuvuori,Helsinki,"52,5 m²",268 000 €,"
2h, k, kph, vh
"
Sörnäistenlaituri 3,Kalasatama,Helsinki,"54,5 m²",475 000 €,"
2h, k, s
"
Raatetie 8,Tapanila,Helsinki,49 m²,198 000 €,"
2h, k, s
"
Humalistonkatu 19 A,Taka-Töölö,Helsinki,"37,7 m²",298 000 €,"
2h+kk+kph
"
Leikosaarentie 25 A,Aurinkolahti,Helsinki,"43,5 m²",248 000 €,"
2 h, avokeittiö, kph/sauna, piha (Yj, 2h+kk+s+terassipiha)
"
Pengerkatu 21 B,Kallio,Helsinki,46 m²,329 000 €,"
1-2h, k, rt, parvi, vh, kph
"
Köydenpunojankatu 8 C,Kamppi,Helsinki,58 m²,479 000 €,"
2H + K
"
Ulvilantie 19 a,Munkkivuori,Helsinki,49 m²,276 000 €,"
2h, k, kph, vh, parveke
"
Hämeentie 62 C 40,Sörnäinen,Helsinki,48 m²,323 000 €,"
1-2 H+K+KPH
"
Viikintie 9 A,Vanhankaupunginkoski,Helsinki,46 m²,310 000 €,"
2 h+kk+s
"
Sofianlehdonkatu 7,Käpylä,Helsinki,"60,5 m²",339 000 €,"
2h, k, kph, parveke
"
Mannerheimintie 132 A,Meilahti,Helsinki,42 m²,299 000 €,"
2h, kk, kph
"
ENGLANTILAISAUKIO 10 A,Kalasatama,Helsinki,"50,5 m²",398 000 €,"
1-2h+k+vh+viherhuone (YJ:n mukaan 1h+kt+alk)
"
Agronominkatu 10,Viikki,Helsinki,"47,5 m²",254 000 €,"
2h, avok., kph, vh, lasit.parveke
"
Karistimentie 2 A,Myllypuro,Helsinki,"50,5 m²",179 000 €,"
2h+kk
"
Saniaistie 7 A,Tapanila,Helsinki,50 m²,169 000 €,"
2 h+avok+kph+lasitettu parveke (yhtij. muk. 2 h+k)
"
Vattuniemenkatu 18 A,Lauttasaari,Helsinki,"51,5 m²",318 000 €,"
2h, k, kph, las. parveke
"
Pihlajistontie 1 A,Pihlajisto,Helsinki,50 m²,257 000 €,"
2h+kt+s
"
Pihlajistontie 1 A,Pihlajisto,Helsinki,50 m²,254 000 €,"
2h+k+s
"
Luuvaniementie 12,Niemenmäki,Helsinki,42 m²,230 000 €,"
2h, avokeittiö, kph/wc, vaatehuone, lasitettu parveke
"
Humalistonkatu 1b B,Töölö,Helsinki,56 m²,463 000 €,"
2 H+ K
"
Rakuunantie 3 A 10,Munkkiniemi,Helsinki,41 m²,339 000 €,"
2h+k+kph+las.parv
"
Urkupillintie 7 C,Kannelmäki,Helsinki,"60,5 m²",190 000 €,"
2h+k
"
Melkonkatu 4,Lauttasaari,Helsinki,"40,5 m²",288 000 €,"
2h, keittiö, kylpyhuone, lasitettu parveke
"
Pursimiehenkatu 23 A,Punavuori,Helsinki,"45,5 m²",398 000 €,"
2h, k, kph (yj:n muk. kph+k+et+kph)
"
Mannerheimintie 55 A,Taka-Töölö,Helsinki,64 m²,425 000 €,"
2h+avok+kph+vh (yhtiöjärjestyksessä 2 huonetta)
"
Liiketie 22 B,Tapanila,Helsinki,"50,5 m²",232 000 €,"
2h, k, kph, lasitettu parveke (Yj:n mukaan  2h+k)
"
Huopalahdentie 9 A,Munkkiniemi,Helsinki,"53,2 m²",367 000 €,"
2 h, k, kph, parveke
"
Teollisuuskatu 26 B,Vallila,Helsinki,"53,5 m²",459 000 €,"
2h+k+kph+s+lasitettu parveke
"
Arhotie 24 C,Vartiokylä,Helsinki,50 m²,145 000 €,"
2h + k + lasitettu parveke
"
Vanha Suutarinkyläntie 8 G,Töyrynummi,Helsinki,54 m²,195 000 €,"
2h+k+kph+vh+et+terassi+varasto
"
Kustaankatu 9,Harju,Helsinki,"48,1 m²",299 000 €,"
1h, k, kph, parvi
"
Koroistenkuja 1,Ruskeasuo,Helsinki,"60,5 m²",299 000 €,"
2h, k, kph ja lasitettu parveke
"
Kiilletie 5 A,Pihlajamäki,Helsinki,60 m²,198 000 €,"
2h, k, kph, parveke
"
Kalasatamankatu 9 A,Kalasatama,Helsinki,"63,5 m²",517 000 €,"
2-3h+avok+kph+sauna+viherhuone (YJ:n mukaan 2H+KT+ALK+S)
"
Maaherrantie 34 A 20,Oulunkylä,Helsinki,"59,5 m²",351 100 €,"
2H+KT+VIHERH.
"
Capellanranta 6 A 20,Kalasatama,Helsinki,53 m²,477 000 €,"
2h+k+kph+vh+las.parv
"
Hirsipadontie 3 F 32,Oulunkylä,Helsinki,58 m²,172 000 €,"
2h+k+kph+las.parv
"
Laivalahdenkaari 9,Herttoniemenranta,Helsinki,"57,5 m²",18 538 €,"
2H+K+S
"
Stenbäckinkatu 10,Töölö,Helsinki,46 m²,368 000 €,"
2h + avok ( yh.2h+kk)
"
Heinolankatu 6 A,Alppila,Helsinki,"48,5 m²",359 000 €,"
2h + kk + kph
"
Kaisaniemenkatu 3 A,Kluuvi,Helsinki,86 m²,880 000 €,"
2h+k+2xkph+sauna
"
Mäkelänkatu 30,Vallila,Helsinki,"48,5 m²",319 000 €,"
2h, keittiö ja khh/vh
"
Muinaisrannantie 3 D,Kivikko,Helsinki,53 m²,215 000 €,"
2h+kt+s
"
Oranssikuja 5 B,Kuninkaantammi,Helsinki,61 m²,259 000 €,"
2h, avok, kph, s, lasitettu parveke
"
Karistimentie 2,Myllypuro,Helsinki,"50,5 m²",178 000 €,"
2h + k + kph + lasitettu parveke
"
Hietalahdenkatu 8 A,Kamppi,Helsinki,"39,5 m²",431 000 €,"
2 h + avokeittiö + kph/wc + parveke (isännöitsijäntodistuksen mukaan 1 H + TUPAK)
"
Mannerheimintie 55 A,Töölö,Helsinki,64 m²,416 000 €,"
2h+k+kph
"
Vaakatie 5 A,Lassila,Helsinki,56 m²,235 000 €,"
2h, k, kph, s, lasitettu parveke
"
Temperankatu 4 B,Kuninkaantammi,Helsinki,65 m²,325 000 €,"
2h, k, kph, s, las.parveke 
"
Mätästie 3 L,Suurmetsä,Helsinki,61 m²,146 000 €,"
2h,k,kph,lasitettu parveke
"
Bulevardi 15 C,Punavuori,Helsinki,41 m²,409 500 €,"
2h+kk+kph
"
Rakentajantie 1,Pitäjänmäki,Helsinki,"40,5 m²",189 000 €,"
KT 2h, kk 40,5m²
"
Vespertie 6 C,Etelä-Haaga,Helsinki,35 m²,262 500 €,"
2h+kk+kph+p
"
Alakiventie 7,Myllypuro,Helsinki,61 m²,159 000 €,"
2h, k, parveke
"
Klaneettitie 12 A,Kannelmäki,Helsinki,"57,5 m²",207 000 €,"
2h+k
"
Paraistentie 4 A,Ruskeasuo,Helsinki,"56,5 m²",354 000 €,"
2h+k+kh
"
Eerikinkatu 50 A,Kamppi,Helsinki,54 m²,435 000 €,"
2h+keittiösyvennys+alkovi+kph
"
Saniaistie 22 B,Tapanila,Helsinki,"53,5 m²",178 000 €,"
2h+k
"
Tilanhoitajankaari 12 D,Viikki,Helsinki,50 m²,279 000 €,"
2h, avokeittiö, kph, s ja las. parveke
"
Leikosaarentie 27 C,Aurinkolahti,Helsinki,"43,5 m²",250 000 €,"
2 h+avok+kph+lasitttu parveke (2h+kk)
"
Kanneltie 10 A,Kannelmäki,Helsinki,40 m²,179 000 €,"
2h + kk + p
"
Harmaahaikarankuja 1 C,Kurkimäki,Helsinki,57 m²,172 000 €,"
2h, k, kph/suihkusauna, vh, piha (yj 2H+K)
"
Tilanhoitajankaari 7,Viikki,Helsinki,47 m²,16 443 €,"
2H+KK+S
"
Föglönkuja 7 B 20,Kruunuvuorenranta,Helsinki,56 m²,308 000 €,"
2h+k+kph+s+vh+las.parv
"
Pohjolankatu 43 B,Käpylä,Helsinki,54 m²,352 000 €,"
2H+K
"
Särkiniementie 3b A35,Lauttasaari,Helsinki,"91,5 m²",879 000 €,"
3 - 4h + kt
"
Töölönkatu 29 B,Töölö,Helsinki,39 m²,328 000 €,"
2h, k, vh, kph
"
Luutnantintie 13,Malminkartano,Helsinki,"43,5 m²",230 000 €,"
1-2h loft, avokeittiö, kph-wc
"
Kunnalliskodintie 9 C 87,Koskela,Helsinki,"45,5 m²",276 188 €,"
2h + avok + p
"
Kunnalliskodintie 9 C 75,Koskela,Helsinki,"45,5 m²",253 788 €,"
2h + avok + p
"
Punahilkantie 12 E 42,Roihuvuori,Helsinki,52 m²,259 000 €,"
2h+k+kph+p
"
Kunnalliskodintie 9 B 59,Koskela,Helsinki,"45,5 m²",283 688 €,"
2h + avok + p
"
Kunnalliskodintie 9 B 55,Koskela,Helsinki,"45,5 m²",271 188 €,"
2h + avok + p
"
Kunnalliskodintie 9 B 51,Koskela,Helsinki,"45,5 m²",258 688 €,"
2h + avok + p
"
Kunnalliskodintie 9 B 47,Koskela,Helsinki,"45,5 m²",248 788 €,"
2h + avok + p
"
Kunnalliskodintie 9 A 35,Koskela,Helsinki,46 m²,291 788 €,"
2h + avok + p
"
Sammatintie 11 as. 25,Vallila,Helsinki,"46,5 m²",354 500 €,"
2h + kt
"
Kunnalliskodintie 9 A 29,Koskela,Helsinki,46 m²,279 188 €,"
2h + avok + p
"
Kunnalliskodintie 9 A 23,Koskela,Helsinki,46 m²,266 588 €,"
2h + avok + p
"
Kunnalliskodintie 9 A 17,Koskela,Helsinki,46 m²,256 488 €,"
2h + avok + p
"
Naapuripellontie 5 32,Malminkartano,Helsinki,60 m²,179 200 €,"
2h+k+vaatehuone+lasitettu parveke
"
Säterintie 13,Pukinmäki,Helsinki,68 m²,228 000 €,"
2h + k + s + p
"
Eiranranta 7,Eiranranta,Helsinki,84 m²,1 150 000 €,"
2h,k,rt,s kph,khh,vh,las.parv.
"
Pohjoiskaari 6 a,Lauttasaari,Helsinki,65 m²,429 000 €,"
2h, k, kph, vh
"
Fredrikinkatu 45,Kamppi,Helsinki,35 m²,449 750 €,"
2h + avok
"
Karistimentie 2 F,Myllypuro,Helsinki,"50,5 m²",198 000 €,"
2h+kk+kph+parv  (yj:n muk 2H+KK)
"
Ruusankatu 3 B,Taka-Töölö,Helsinki,"47,5 m²",358 000 €,"
2h + avok + vh + kph (yj mukaan 2h+kk)
"
Vanhaistentie 1 b B30,Kannelmäki,Helsinki,42 m²,235 900 €,"
2H+KT
"
Vanhaistentie 1 b A5,Kannelmäki,Helsinki,"42,5 m²",235 900 €,"
2H+KT
"
Viides Linja 8 C,Kallio,Helsinki,"48,5 m²",359 000 €,"
2h+k
"
Melkonkatu 4 B,Lauttasaari,Helsinki,"37,5 m²",329 000 €,"
2h + kk + kph + VH + las.parveke
"
Vaasankatu 15 C 79,Harju,Helsinki,"59,1 m²",370 000 €,"
2h+kk+kph
"
MAISEMAMAALAUKSENKATU 3 D 71,Kuninkaantammi,Helsinki,"54,5 m²",299 600 €,"
2h+kt+viherhuone
"
MAISEMAMAALAUKSENKATU 3 D 67,Kuninkaantammi,Helsinki,"54,5 m²",278 800 €,"
2h+kt+viherhuone
"
MAISEMAMAALAUKSENKATU 3 B 37 a,Kuninkaantammi,Helsinki,"63,5 m²",334 400 €,"
2h+kt+s+viherhuone
"
Iso Roobertinkatu 33,Punavuori,Helsinki,53 m²,475 000 €,"
2h + avok
"
Haapasaarentie 2,Vuosaari,Helsinki,"53,5 m²",185 000 €,"
2h + k + p
"
Lauttasaarentie 1 C,Lauttasaari,Helsinki,"40,5 m²",405 000 €,"
2h+kt+lasitettu parveke
"
Pihlajatie 15 A,Meilahti,Helsinki,68 m²,409 000 €,"
2h+k+kh
"
Hiidenkiukaantie 2,Lehtisaari,Helsinki,"63,3 m²",249 000 €,"
2h, k, kph, lasitettu parveke
"
Orioninkatu 13-15 C,Hermanni,Helsinki,"45,2 m²",275 000 €,"
2h+k+kph
"
Vesalantie 72 B,Vesala,Helsinki,55 m²,234 000 €,"
2h,k, sauna, erillinen wc, parvi 
"
Pajalahdentie 4-6,Lauttasaari,Helsinki,52 m²,429 000 €,"
2h+avok+kph+vh
"
Meri-Rastilantie 10 C,Vuosaari,Helsinki,"44,5 m²",159 000 €,"
2h+avok.+las.parveke
"
Myrttitie 10,Pukinmäki,Helsinki,38 m²,145 000 €,"
2h + k + lasitettu parveke
"
Torkkelinkatu 2 b A,Torkkelinmäki,Helsinki,36 m²,287 000 €,"
2h+k+kph
"
Tilkankatu 16 A,Pikku Huopalahti,Helsinki,"44,5 m²",348 000 €,"
2h+kk+kph+p
"
Hiihtäjäntie 2,Herttoniemi,Helsinki,"55,5 m²",279 000 €,"
2h, k, kph
"
Paciuksenkaari 12 B 31,Huopalahti,Helsinki,"56,5 m²",21 447 €,"
2H+K+S
"
Kivipadontie 6,Patola,Helsinki,"57,5 m²",198 000 €,"
2 h, k, kh, parv.
"
Halsuantie 5-7 E,Kannelmäki,Helsinki,"60,5 m²",162 000 €,"
2h + k + kph + vh + las. parveke
"
Mannerheimintie 132 B,Meilahti,Helsinki,38 m²,298 000 €,"
2 h+k-syv
"
Rakentajantie 10 A,Pitäjänmäki / Reimarla / Konala,Helsinki,"64,5 m²",199 000 €,"
2h+k+et+vh+parveke (yhtiöj. mukaan 2h+k)
"
Kivijatatie 11 A,kivikko,Helsinki,"51,5 m²",189 000 €,"
2h+k+kph+s+lasitettu parveke
"
Vanhaistentie 1 E,Kannelmäki,Helsinki,"53,5 m²",32 962 €,"
2H+KT
"
Viides linja 2 B,Kallio,Helsinki,"46,5 m²",365 000 €,"
  2h + avokeittiö + kph (yht.järj. mukaan 2h + kk)
"
Porttikuja 3 C,Kontula,Helsinki,57 m²,132 000 €,"
2h,k,kph,lasitettu parveke
"
Itäinen Alppirinne 1A D,Kallio,Helsinki,"52,5 m²",335 000 €,"
2h + avokeittiö (yhtiöjärjestyksen mukaan1h+k)
"
Tiirismaantie 5 A,Pihlajisto,Helsinki,"59,5 m²",139 000 €,"
2h+k
"
Rastilanraitti 3 A,Rastilankallio,Helsinki,"50,5 m²",240 000 €,"
2h+kk+s
"
Särkiniementie 3b A24,Lauttasaari,Helsinki,"91,5 m²",807 000 €,"
3 - 4h + kt
"
Pietarinkatu 14,Ullanlinna,Helsinki,"52,3 m²",465 000 €,"
2h+kk+kph
"
Taidemaalarinkatu 16,Kuninkaantammi,Helsinki,"51,5 m²",239 000 €,"
kaunis parvekkeellinen koti v. 2019 valmistuneessa talossa.
"
KOLLIKATU 2,Postipuisto,Helsinki,36 m²,239 000 €,"
2h + avok + lasitettu parveke
"
Liusketie 19 M,Pihlajamäki,Helsinki,"59,5 m²",150 000 €,"
2h+k
"
Runeberginkatu 4c A,Kamppi,Helsinki,64 m²,448 000 €,"
2h+k+kph/s+lasit.parv  (yj:n muk 2h+k+s)
"
Lähdeniityntie 13,Tapaninkylä,Helsinki,"46,5 m²",12 740 €,"
2H+KK+S
"
Merikannontie 5 A27,Taka-Töölö,Helsinki,"61,5 m²",729 000 €,"
2H+KT+S
"
Ulvilantie 19 a,Munkkivuori,Helsinki,49 m²,276 000 €,"
2h, k, kph, vh, parveke
"
Sörnäistenlaituri 3,Kalasatama,Helsinki,"54,5 m²",498 000 €,"
2h, k, kph, s, las.parveke
"
Saariniemenkatu 8 F,Hakaniemi,Helsinki,63 m²,470 000 €,"
2h,avok,kph (yhtiöjärj 2)
"
Uudenmaankatu 44 E,Punavuori,Helsinki,52 m²,455 000 €,"
2H + AVOK + KPH
"
Haapaniemenkatu 16 B,Merihaka,Helsinki,"52,5 m²",327 000 €,"
2h + k
"
Aleksis Kiven katu 76 A,Alppila,Helsinki,42 m²,314 000 €,"
1h+k+kph
"
Helsinginkatu 42 A,Kallio,Helsinki,43 m²,349 000 €,"
2h+kk
"
Karstulantie 4 AS 42,Vallila,Helsinki,"40,5 m²",348 000 €,"
2h+avok+kph+et+las.p
"
Viipurinkatu 29,Alppila,Helsinki,"33,4 m²",243 000 €,"
2h, avok ja kph
"
Pursimiehenkatu 20 A,Punavuori,Helsinki,44 m²,419 000 €,"
2h, kk, kph
"
Sipoonkatu 11 A,Alppila,Helsinki,41 m²,289 000 €,"
2h+k+kph+wc
"
Hirsipadontie 7,Patola,Helsinki,59 m²,180 000 €,"
2h, keittiö, kph
"
Tullivuorentie 19 a,Malmi,Helsinki,"56,5 m²",235 000 €,"
2h + k + s
"
Kantelettarentie 8,Kannelmäki,Helsinki,38 m²,188 000 €,"
2h+kk
"
Lapinlahdenkatu 11,Kamppi,Helsinki,43 m²,370 000 €,"
2h + avok+kph
"
Metsäpurontie 19-21 A,Maunula,Helsinki,"38,5 m²",235 000 €,"
2h+kk+kph+parveke (yhtiöjärjestyksen mukaan 2h+k)
"
Ratakatu 5,Punavuori,Helsinki,"69,6 m²",459 000 €,"
2-3h+k+kph+wc
"
Roihuvuorentie 21 A,Roihuvuori,Helsinki,49 m²,245 000 €,"
2h+k+kph+parveke
"
Lauttasaarentie 1,Lauttasaari,Helsinki,"40,5 m²",399 000 €,"
2h, avok, lasitettu p
"
Haapasaarentie 6 B,Vuosaari,Helsinki,46 m²,149 500 €,"
2h, k, kph, las.p
"
Kiviportintie 54 A,Vartiokylä,Helsinki,46 m²,164 000 €,"
2h+kk
"
Mechelininkatu 28 a,Etu-Töölö,Helsinki,"45,5 m²",370 000 €,"
2h, avok, kph
"
Karmiinikuja 4 A,Kuninkaantammi,Helsinki,47 m²,235 000 €,"
2h, avokeittiö, kph, lasitettu parveke (yhtiöjärjestyksen mukaan 2h+k)
"
Rullakkokatu 3 A 32,Pasila,Helsinki,"51,5 m²",309 800 €,"
2h + kt + lasitettu parveke
"
Rukkilantie 2 C,Malminkartano,Helsinki,"58,5 m²",175 000 €,"
2h+avokeittiö+parveke
"
Töölöntullinkatu 4-6 B 51,Meilahti,Helsinki,43 m²,550 000 €,"
2h+kt+s
"
Töölöntullinkatu 4-6 B 47,Meilahti,Helsinki,43 m²,523 100 €,"
2h+kt+s
"
Töölöntullinkatu 4-6 B 43,Meilahti,Helsinki,43 m²,507 000 €,"
2h+kt+s
"
Töölöntullinkatu 4-6 B 39,Meilahti,Helsinki,43 m²,490 900 €,"
2h+kt+s
"
Töölöntullinkatu 4-6 B 35,Meilahti,Helsinki,43 m²,474 700 €,"
2h+kt+s
"
Töölöntullinkatu 4-6 A 29,Meilahti,Helsinki,46 m²,522 400 €,"
2h+kt+s
"
Töölöntullinkatu 4-6 A 28,Meilahti,Helsinki,"56,5 m²",668 500 €,"
2h+kt+alk+s
"
Töölöntullinkatu 4-6 A 24,Meilahti,Helsinki,46 m²,496 700 €,"
2h+kt+s
"
Töölöntullinkatu 4-6 A 23,Meilahti,Helsinki,"56,5 m²",635 600 €,"
2h+kt+alk+s
"
Töölöntullinkatu 4-6 A 19,Meilahti,Helsinki,46 m²,481 300 €,"
2h+kt+s
"
Töölöntullinkatu 4-6 A 18,Meilahti,Helsinki,"56,5 m²",615 800 €,"
2h+kt+alk+s
"
Töölöntullinkatu 4-6 A 14,Meilahti,Helsinki,46 m²,465 800 €,"
2h+kt+s
"
Töölöntullinkatu 4-6 A 13,Meilahti,Helsinki,"56,5 m²",589 200 €,"
2h+kt+alk+s
"
Töölöntullinkatu 4-6 A 09,Meilahti,Helsinki,46 m²,450 400 €,"
2h+kt+s
"
Töölöntullinkatu 4-6 A 08,Meilahti,Helsinki,"56,5 m²",569 700 €,"
2h+kt+alk+s
"
Töölöntullinkatu 4-6 A 04,Meilahti,Helsinki,46 m²,434 900 €,"
2h+kt+s
"
Helsinginkatu 14 B,Kallio,Helsinki,"55,3 m²",435 000 €,"
2h+avok+vh+kph
"
Siilitie 2 C,Herttoniemi,Helsinki,47 m²,225 000 €,"
2h+kk+kph+terassi (yhtiöjärjestyksen mukaan 2h+kk)
"
Perämiehenkatu 7 D 14,Punavuori,Helsinki,"57,5 m²",449 000 €,"
2h+k+kph
"
Mannerheimintie 97 C,Ruskeasuo,Helsinki,44 m²,316 000 €,"
2r+öppet kök+bdr+ingl balkong
"
Munkkisaarenkatu 2,Punavuori,Helsinki,"56,5 m²",565 000 €,"
2h, avok, kph/wc/sauna, lasitettu parveke
"
Vattuniemenranta 4 B,Lauttasaari,Helsinki,"73,5 m²",579 000 €,"
Oh, mh, avokeittiö, vh/työhuone, 2 x kph, s, piha ja parveke (isännöitsijäntodistuksen mukaan 2H+K+VH+S)
"
Teollisuuskatu 30 A 32,Vallila,Helsinki,"36,5 m²",359 000 €,"
2h+avok+kph+rp
"
Helatehtaankatu 8 A 18,Malmi,Helsinki,55 m²,243 000 €,"
2h+k+kph+s+vh+las.parv
"
Heinäpellontie 26 B 10,Tapaninkylä,Helsinki,55 m²,206 000 €,"
2h+avok+kph+s+las.parv
"
Alakiventie 7 E,Myllypuro,Helsinki,61 m²,175 800 €,"
2h + k + Lasitettu parveke
"
Pietarinkatu 17 E,Ullanlinna,Helsinki,50 m²,460 000 €,"
2 h + kk
"
Kuusitie 16 A,Meilahti,Helsinki,65 m²,399 000 €,"
2h, k, kph
"
Vähäntuvantie 7,Konala,Helsinki,49 m²,159 000 €,"
2h+k+kph+las.parv
"
Arhipanpolku 11 a,Kaarela,Helsinki,"62,5 m²",172 000 €,"
2h+k
"
Bertha Pauligin katu 2 B 56,Vuosaari,Helsinki,45 m²,298 900 €,"
2h+kt
"
Bertha Pauligin katu 2 B 52,Vuosaari,Helsinki,"40,5 m²",275 700 €,"
2h+kt
"
Bertha Pauligin katu 2 B 51,Vuosaari,Helsinki,45 m²,289 600 €,"
2h+kt
"
Bertha Pauligin katu 2 B 47,Vuosaari,Helsinki,"40,5 m²",267 000 €,"
2h+kt
"
Bertha Pauligin katu 2 B 46,Vuosaari,Helsinki,"45,5 m²",281 100 €,"
2h+kt
"
Bertha Pauligin katu 2 B 42,Vuosaari,Helsinki,"40,5 m²",258 200 €,"
2h+kt
"
Bertha Pauligin katu 2 B 41,Vuosaari,Helsinki,"45,5 m²",271 800 €,"
2h+kt
"
Bertha Pauligin katu 2 B 37,Vuosaari,Helsinki,"40,5 m²",246 500 €,"
2h+kt
"
Bertha Pauligin katu 2 B 36,Vuosaari,Helsinki,"45,5 m²",259 400 €,"
2h+kt
"
Bertha Pauligin katu 2 A 30,Vuosaari,Helsinki,"42,5 m²",279 600 €,"
2h+kt
"
Bertha Pauligin katu 2 A 25,Vuosaari,Helsinki,"42,5 m²",265 700 €,"
2h+kt
"
Bertha Pauligin katu 2 A 20,Vuosaari,Helsinki,"42,5 m²",257 400 €,"
2h+kt
"
Bertha Pauligin katu 2 A 15,Vuosaari,Helsinki,"42,5 m²",249 100 €,"
2h+kt
"
Bertha Pauligin katu 2 A 12,Vuosaari,Helsinki,47 m²,261 200 €,"
2h+kt
"
Bertha Pauligin katu 2 A 9,Vuosaari,Helsinki,"42,5 m²",255 800 €,"
2h+kt
"
Bertha Pauligin katu 2 A 6,Vuosaari,Helsinki,47 m²,249 100 €,"
2h+kt
"
Bertha Pauligin katu 2 A 3,Vuosaari,Helsinki,"42,5 m²",244 200 €,"
2h+kt
"
Köydenpunojankatu 8 I,Kamppi,Helsinki,61 m²,499 000 €,"
2h+avok+kph+las.p
"
Tammisalontie 3 as.,Tammisalo,Helsinki,51 m²,209 000 €,"
2h+k+kph (yhtiöjärjestyksen mukaan 2h+k)
"
Tykistökapteenintie 2 B,Lehtisaari,Helsinki,61 m²,272 000 €,"
2h+avok+kph+parveke
"
Melkonkatu 10 C,Lauttasaari,Helsinki,"56,5 m²",479 000 €,"
2H, KK, S, LASIT. PARV.
"
Riihipellontie 8 A,Konala,Helsinki,"43,5 m²",183 000 €,"
2h, k, lasitettu parveke
"
Karpalokuja 5 C,Kurkimäki,Helsinki,"57,5 m²",164 000 €,"
2h+k+kph+parveke (yj:n  mukaan 2h+k)
"
Fleminginkatu 5 C,Kallio,Helsinki,"44,5 m²",346 000 €,"
2 h
"
Pohjoiskaari 15,Lauttasaari,Helsinki,43 m²,449 000 €,"
2h+avok+kph+parveke
"
Kruunaajanpolku 1,Tapulikaupunki,Helsinki,"50,5 m²",153 000 €,"
2h, kk ,kph, vh ja parveke
"
Matkamiehentie 12 B,Etelä-Haaga,Helsinki,51 m²,199 000 €,"
2h+k
"
Strömsinlahdenkuja 2,Roihuvuori,Helsinki,44 m²,199 000 €,"
2 h, avok., sauna ja parveke
"
Valhallankatu 10,Taka-Töölö,Helsinki,57 m²,425 000 €,"
2h, avok, parveke ja kph
"
Urheilukatu 6-8,Taka-Töölö,Helsinki,"67,5 m²",498 000 €,"
2h, k, kph, wc, vh
"
Jarrumiehenkatu 2 A,Itä-Pasila,Helsinki,61 m²,345 000 €,"
2h, k, kph, vh, lasit. parv.
"
Luuvakuja 2,Malmi,Helsinki,"48,5 m²",230 000 €,"
2h, avok, kph/wc, vaatehuone
"
Pursimiehenkatu 22 B,Punavuori,HELSINKI,57 m²,475 000 €,"
2h + k + p
"
Maakaari 9 A,Viikki,Helsinki,50 m²,278 000 €,"
2h+kk+kph
"
Vattuniemen puistotie 3 B,Lauttasaari,Helsinki,58 m²,424 000 €,"
2H+KT+S
"
Hiekkalaiturinraitti 12,Kallahti,Helsinki,60 m²,228 000 €,"
Meren läheisyydessä tilava kaksio jossa lasitettu parveke metsäisin näkymin, merikin pilkistää!
"
Veräjä 8 D 106,Oulunkylä,Helsinki,34 m²,238 700 €,"
2h+kk+lasit.p
"
Juhana Herttuan tie 4 B,Koskela,Helsinki,63 m²,232 000 €,"
2 h, k, kph/wc, p (Yj.mukainen 2h+k)
"
Maitikkakuja 6,Tapanila,Helsinki,59 m²,159 000 €,"
2h, k, kph/s, wc, parveke
"
Kotkankatu 4 A 7,Alppila,Helsinki,37 m²,309 000 €,"
2h+kk+kph
"
Alppikylänkatu 6 A,Alppikylä,Helsinki,"31,5 m²",225 000 €,"
1h+u+k+parveke, käyttöullakko n. 28,5 m2, asuintilojen pinta-ala
"
Luuvakuja 6 A,Malmi,Helsinki,53 m²,198 000 €,"
2h+k+kh+p
"
Vähäntuvantie 7 A,Konala,Helsinki,49 m²,165 000 €,"
2h+k+kph+las.p
"
Merimiehenkatu 18 B,Punavuori,Helsinki,48 m²,404 000 €,"
2 h + k + kph + eril. wc (yhtiöj. mukaan 1 h + k + kh + WC)
"
Meritullinkatu 15 B,Kruununhaka,Helsinki,72 m²,619 000 €,"
1h+k+alkovi+kph
"
Kalliolinnantie 10 B,Kaivopuisto,Helsinki,75 m²,839 000 €,"
2 h, k, rt, kph, wc, vh, lasit. p
"
Kivihaantie 14,Kivihaka,Helsinki,44 m²,259 000 €,"
2h, kk, kph, s, parveke
"
Koskelantie 11,Käpylä,Helsinki,46 m²,284 000 €,"
2h,avok,kph,p
"
Kolmas linja 17 B,Kallio,Helsinki,"52,5 m²",360 000 €,"
2h+k+kph+ranskal.parveke
"
Tuulimyllyntie 2,Myllypuro,Helsinki,55 m²,149 000 €,"
2h+k+kph+las.parv
"
Pajalahdentie 4 A,Lauttasaari,Helsinki,51 m²,459 000 €,"
2h, k, kph, parveke
"
Mäkelänrinne 3,Vallila,Helsinki,60 m²,298 000 €,"
2h, k, kph ja lasitettu parveke
"
Naapurintie 4 A4,Mellunkylä,Helsinki,50 m²,189 000 €,"
2h
"
Risupadontie 4,Oulunkylä,Helsinki,59 m²,239 000 €,"
2h + avok + p
"
Pietarinkatu 4 A,Ullanlinna,Helsinki,58 m²,495 000 €,"
2 h, k, kph, lasitettu parveke
"
Uudenmaankatu 4-6 E,Punavuori,Helsinki,88 m²,928 000 €,"
2-3h, avok, kph, s
"
Pohjoiskaari 4 B,Lauttasaari,Helsinki,51 m²,375 000 €,"
2 h, k, kph, p
"
Rastilanraitti 3 A,Vuosaari,Helsinki,"50,5 m²",229 000 €,"
2h+avok+kph+sauna+iso lasitettu parveke.
"
Porttikuja 5 C,Kontula,Helsinki,57 m²,129 000 €,"
2h, k, kph, parveke
"
Yllästunturintie 1 E,Mellunmäki,Helsinki,"50,5 m²",125 000 €,"
2h, k, kph, lasitettu parveke
"
Kalasatamankatu 9 A,Kalasatama,Helsinki,48 m²,448 000 €,"
2h+avok.+kph+viherhuone
"
Hakaniemenkatu 5 A,Hakaniemi,Helsinki,81 m²,499 000 €,"
2H+K
"
Kaarikuja 5 C,Kontula,Helsinki,47 m²,158 000 €,"
2h,kk,kph (2h+kk)
"
Pengerkatu 27 A,Kallio,Helsinki,42 m²,318 000 €,"
2h, avokeittiö, kph
"
Huhmarekuja 4 A 10,Latokartano,Helsinki,52 m²,239 000 €,"
2h+avok+kph+p
"
Porvoonkatu 3 D,Alppiharju,Helsinki,42 m²,290 000 €,"
2h+kk+p
"
Kurkisuontie 16,Kurkimäki,Helsinki,"61,5 m²",179 000 €,"
Kaunis saunallinen koti jossa hyvä pohjaratkaisu ja tilava parveke!
"
Mustankivenaukio 3,Vuosaari,Helsinki,57 m²,18 717 €,"
2H+K+S
"
Leikkikuja 3 B,Kontula,Helsinki,"55,5 m²",109 000 €,"
2h+k+kph+vh+p (yj:n mukaan 2 h+k)
"
Saniaistie 22 A,Tapanila,Helsinki,"42,5 m²",169 000 €,"
2h, avokeittiö, kph, p
"
Hiihtäjäntie 4 A,Herttoniemi,Helsinki,48 m²,269 000 €,"
2h, avok, kph, parveke
"
Agronominraitti 6,Viikki,Helsinki,56 m²,24 212 €,"
2H+KK+S
"
KOLLIKATU 4 B,Metsälä,Helsinki,"34,5 m²",253 000 €,"
2h+kt
"
Sulkapolku 2 A,Pitäjänmäki,Helsinki,"38,5 m²",199 000 €,"
2h,kk,kph,lasitt.parveke
"
Rekipellontie 8 A,Vesala,Helsinki,"50,5 m²",155 000 €,"
2h+kk+s+lasit.parv
"
Relanderinaukio 2,Kulosaari,Helsinki,48 m²,346 000 €,"
2h + k + p
"
Viikintie 7 A,Vanhankaupunginkoski,Helsinki,79 m²,595 000 €,"
2h,k,s (yhtiöjärjestyksen mukaan 3h,k,s)
"
Kaksostentie 6,Siltamäki,Helsinki,"63,5 m²",119 867 €,"
2h, k, kph, vh, p
"
Kiviaidankatu 9 A,Lauttasaari,Helsinki,"56,5 m²",459 000 €,"
2H, KT, KPH, VH, LASIT. PARV.
"
Kivikonkaari 7,Kivikko,Helsinki,47 m²,14 400 €,"
2H+KK+S
"
Meri-Rastilan tie 23 B 13,Vuosaari,Helsinki,"59,5 m²",16 647 €,"
2H+K+S
"
Kanneltie 15 D,Kannelmäki,Helsinki,"49,5 m²",207 000 €,"
2h+k
"
Kaupintie 18 A,Lassila,Helsinki,32 m²,168 000 €,"
2h, avokeittiö, kylpyhuone.
"
Kauppakartanonkatu 7 A,Itäkeskus,Helsinki,54 m²,318 000 €,"
2h, avok, kph
"
Kanneltie 13 C,Kannelmäki,Helsinki,"57,5 m²",200 000 €,"
2 h+kk+rt+kph+parveke
"
Oikokatu 5,Kruununhaka,Helsinki,66 m²,495 000 €,"
2h, k, kph, wc
"
Alakiventie 7,Myllypuro,Helsinki,61 m²,194 000 €,"
2h+k+kph+las.p
"
Portimopolku 12 A,Herttoniemi,Helsinki,47 m²,249 000 €,"
2 h + k
"
Kuusistonlinnantie 4,Puotinharju,Helsinki,55 m²,179 000 €,"
2h, k, parveke
"
Kalevankatu 57,Kamppi,Helsinki,57 m²,456 000 €,"
2h + avok + p
"
Orioninkatu 2 A,Hermanni,Helsinki,"45,5 m²",299 000 €,"
2h, kk, kph
"
Prinssintie 4 F,Roihuvuori,Helsinki,"59,5 m²",268 000 €,"
2h+kk+rt
"
Munkkiniemen puistotie 18,Munkkiniemi,Helsinki,41 m²,330 000 €,"
2h, avok, alkovi, kph
"
Mäkelänkatu 38,Vallila,Helsinki,51 m²,309 000 €,"
2h+kk+ruokailutila
"
Merimiehenkatu 14 B,Punavuori,Helsinki,35 m²,319 000 €,"
2h + k
"
Korvatunturintie 1 B,Mellunmäki,Helsinki,59 m²,125 000 €,"
2h+k
"
Anianpellontie 11 A,Malmi,Helsinki,53 m²,136 000 €,"
2h, k, kh
"
Saanatunturintie 1 G,Mellunmäki,Helsinki,47 m²,119 000 €,"
2H+KK
"
Hiihtäjäntie 2 a,Herttoniemi,Helsinki,"62,5 m²",339 000 €,"
2h+k
"
Maaherrantie 34 B 42,Oulunkylä,Helsinki,"51,5 m²",329 600 €,"
2H+KT
"
Harjukatu 7 B 34,Harju,Helsinki,63 m²,389 000 €,"
2h+k+kph+vh
"
Särkiniementie 3b B75,Lauttasaari,Helsinki,"31,5 m²",340 000 €,"
2h + kt
"
Särkiniementie 3b B47,Lauttasaari,Helsinki,"38,5 m²",357 000 €,"
2h + kt
"
Särkiniementie 3b B82,Lauttasaari,Helsinki,"31,5 m²",355 000 €,"
2h + kt
"
Särkiniementie 3b B68,Lauttasaari,Helsinki,"31,5 m²",330 000 €,"
2h + kt
"
Särkiniementie 3b B65,Lauttasaari,Helsinki,"38,5 m²",377 000 €,"
2h + kt
"
Särkiniementie 3b B56,Lauttasaari,Helsinki,"38,5 m²",367 000 €,"
2h + kt
"
Särkiniementie 3b B59,Lauttasaari,Helsinki,"31,5 m²",325 000 €,"
2h + kt
"
Särkiniementie 3b B50,Lauttasaari,Helsinki,"31,5 m²",320 000 €,"
2h + kt
"
Särkiniementie 3b B39,Lauttasaari,Helsinki,45 m²,381 000 €,"
2h + kt
"
Särkiniementie 3b B41,Lauttasaari,Helsinki,44 m²,371 000 €,"
2h + kt
"
Särkiniementie 3b A34,Lauttasaari,Helsinki,"45,5 m²",467 000 €,"
2h + kt
"
Särkiniementie 3b A22,Lauttasaari,Helsinki,47 m²,454 000 €,"
2h + kt + s
"
Särkiniementie 3b A29,Lauttasaari,Helsinki,"45,5 m²",452 000 €,"
2h + kt
"
Särkiniementie 3b A17,Lauttasaari,Helsinki,"45,5 m²",427 000 €,"
2h + kt
"
Särkiniementie 3b A23,Lauttasaari,Helsinki,"45,5 m²",437 000 €,"
2h + kt
"
Särkiniementie 3b A16,Lauttasaari,Helsinki,47 m²,444 000 €,"
2h + kt + s
"
Särkiniementie 3b A11,Lauttasaari,Helsinki,"45,5 m²",417 000 €,"
2h + kt
"
Särkiniementie 3b A7,Lauttasaari,Helsinki,35 m²,347 000 €,"
2h + kt
"
Särkiniementie 3b A10,Lauttasaari,Helsinki,47 m²,434 000 €,"
2h + kt + s
"
Särkiniementie 3b A8,Lauttasaari,Helsinki,61 m²,550 000 €,"
2h + kt
"
Särkiniementie 3b A5,Lauttasaari,Helsinki,"45,5 m²",407 000 €,"
2h + kt
"
Särkiniementie 3b A1,Lauttasaari,Helsinki,35 m²,335 000 €,"
2h + kt
"
Särkiniementie 3b A2,Lauttasaari,Helsinki,61 m²,522 000 €,"
2h + kt
"
Särkiniementie 3b A4,Lauttasaari,Helsinki,36 m²,351 000 €,"
2h + kt
"
Kirstinkatu 9 B,Kallio,Helsinki,52 m²,308 000 €,"
2h+k+kph
"
Porttikuja 3 A,Kontula,Helsinki,50 m²,128 000 €,"
2h+kk+kph
"
Jousimiehentie 10 C,Siltamäki,Helsinki,"48,5 m²",132 023 €,"
2h+kk+kph
"
Petter Wetterin tie 1c A,Herttoniemenranta,Helsinki,"56,5 m²",319 000 €,"
2h+kk+s
"
Tupavuori 3 B,Kulosaari,Helsinki,49 m²,292 000 €,"
2 h+k
"
Mannerheimintie 94 B,Töölö,Helsinki,"48,1 m²",374 000 €,"
2h, avok, vh, kph (yj: 1h+k+kph)
"
Käsityöläisentie 17 E,Tapulikaupunki,Helsinki,"62,5 m²",119 000 €,"
2h+k
"
Tuulimyllyntie 4 B,Myllypuro,Helsinki,"60,5 m²",188 000 €,"
2h, k, kph, vh (YJ:n mukaan 2h+k)
"
Hitsaajankatu 13,Herttoniemenranta,Helsinki,"50,5 m²",296 000 €,"
2h, bk, s, vh, lasitettu terassi, piha-alue
"
Dagmarinkatu 9 a,Etu-Töölö,Helsinki,"75,5 m²",629 000 €,"
2h+k+ halli + kph+ erill. wc
"
Laitatuulenkaari 3 C,Jollas,Helsinki,"64,5 m²",245 000 €,"
2 h + k + kph + s + vh + parvi
"
Taidemaalarinkatu 8 B 41,Kuninkaantammi,Helsinki,"42,5 m²",256 200 €,"
2H+KT
"
Porvoonkatu 45 B,Alppiharju,Helsinki,42 m²,248 000 €,"
2h+k
"
Neljäs linja 16 B,Kallio,Helsinki,"41,5 m²",345 000 €,"
2h+kk+kph+vh+lasitettu parveke
"
Länsisatamankatu 31 B 66,Jätkäsaari,Helsinki,"55,5 m²",485 200 €,"
2h+kt+s
"
Länsisatamankatu 31 B 65,Jätkäsaari,Helsinki,"45,5 m²",395 000 €,"
2h+kt
"
Länsisatamankatu 31 B 61,Jätkäsaari,Helsinki,"55,5 m²",463 000 €,"
2h+kt+s
"
Länsisatamankatu 31 B 60,Jätkäsaari,Helsinki,"45,5 m²",377 000 €,"
2h+kt
"
Länsisatamankatu 31 B 56,Jätkäsaari,Helsinki,"55,5 m²",449 700 €,"
2h+kt+s
"
Länsisatamankatu 31 B 55,Jätkäsaari,Helsinki,"45,5 m²",366 200 €,"
2h+kt
"
Länsisatamankatu 31 B 51,Jätkäsaari,Helsinki,"55,5 m²",436 400 €,"
2h+kt+s
"
Länsisatamankatu 31 B 50,Jätkäsaari,Helsinki,"45,5 m²",355 300 €,"
2h+kt
"
Länsisatamankatu 31 B 46,Jätkäsaari,Helsinki,"55,5 m²",423 100 €,"
2h+kt+s
"
Länsisatamankatu 31 B 45,Jätkäsaari,Helsinki,"45,5 m²",344 500 €,"
2h+kt
"
Länsisatamankatu 31 B 44,Jätkäsaari,Helsinki,"41,5 m²",318 500 €,"
2h+kt
"
Länsisatamankatu 31 B 43,Jätkäsaari,Helsinki,"54,5 m²",376 700 €,"
2h+kt
"
Länsisatamankatu 31 B 41,Jätkäsaari,Helsinki,"55,5 m²",409 800 €,"
2h+kt+s
"
Länsisatamankatu 31 B 40,Jätkäsaari,Helsinki,"45,5 m²",333 700 €,"
2h+kt
"
Länsisatamankatu 31 B 39,Jätkäsaari,Helsinki,"54,5 m²",360 300 €,"
2h+kt
"
Länsisatamankatu 31 B 37,Jätkäsaari,Helsinki,"55,5 m²",396 600 €,"
2h+kt+s
"
Länsisatamankatu 31 B 36,Jätkäsaari,Helsinki,39 m²,304 800 €,"
2h+kt
"
Länsisatamankatu 31 A 34,Jätkäsaari,Helsinki,45 m²,420 500 €,"
2h+kt
"
Länsisatamankatu 31 A 31,Jätkäsaari,Helsinki,64 m²,499 900 €,"
2h+kt+työtila
"
Länsisatamankatu 31 A 29,Jätkäsaari,Helsinki,45 m²,401 400 €,"
2h+kt
"
Länsisatamankatu 31 A 24,Jätkäsaari,Helsinki,45 m²,389 900 €,"
2h+kt
"
Länsisatamankatu 31 A 19,Jätkäsaari,Helsinki,45 m²,378 500 €,"
2h+kt
"
Länsisatamankatu 31 A 14,Jätkäsaari,Helsinki,45 m²,367 000 €,"
2h+kt
"
Länsisatamankatu 31 A 9,Jätkäsaari,Helsinki,45 m²,355 600 €,"
2h+kt
"
Länsisatamankatu 31 A 5,Jätkäsaari,Helsinki,"53,5 m²",345 600 €,"
2h+kt
"
Länsisatamankatu 31 A 4,Jätkäsaari,Helsinki,45 m²,344 100 €,"
2h+kt
"
Isokaari 46 A,Lauttasaari,Helsinki,44 m²,338 000 €,"
2h+kk+kh
"
Tinatie 5 B,Lassila,Helsinki,50 m²,189 000 €,"
2h, kk
"
Sörnäistenlaituri 5 A,Kalasatama,Helsinki,"53,5 m²",488 000 €,"
2h, avok, kph, s, lasitettu terassiparveke
"
Hämeentie 9 A 6,Hakaniemi,Helsinki,57 m²,435 000 €,"
2h+k+kph+s+las.parv
"
Vellikellontie 5 C,Malminkartano,Helsinki,56 m²,176 000 €,"
2h+k+parveke
"
Lauttasaarentie 25,Lauttasaari,Helsinki,"61,5 m²",498 000 €,"
2h, kt, kph, vh + viherhuone (lämmin tila)
"
Kalevankatu 26 A,Kamppi,Helsinki,49 m²,389 000 €,"
2h, kk, kph, vh
"
Kolmas linja 5 A,Kallio,Helsinki,55 m²,279 000 €,"
2h,avokeittiö,kph
"
Capellanranta 10 A 23,Verkkosaari / Kalasatama,Helsinki,43 m²,395 000 €,"
2h + kt 
"
Capellanranta 10 A 8,Verkkosaari / Kalasatama,Helsinki,43 m²,370 000 €,"
2h + kt 
"
Orioninkatu 4,Hermanni,Helsinki,49 m²,298 000 €,"
2h, k , kph, p
"
Leiviskätie 2 D,Lassila,Helsinki,55 m²,209 000 €,"
2h, k, lasitettu parveke
"
Porvoonkatu 1 F,Alppiharju,Helsinki,"41,5 m²",275 000 €,"
2H+KK+KPH+PARVEKE LASITETTU (yhtiöjärjestyksen mukaan 2h+kk)
"
Kutomotie 14,Tali,Helsinki,"55,5 m²",320 000 €,"
2h,kt,s
"
Lehdokkipolku 5,Itäkeskus,Helsinki,59 m²,207 000 €,"
2h+k
"
Siilitie 8A B,Herttoniemi,Helsinki,"46,5 m²",315 000 €,"
2h+avok+kph+lasitettu parveke
"
Teollisuuskatu 28 A,Vallila,Helsinki,43 m²,431 535 €,"
2h, avok,kph/wc
"
Mäkelänkatu 30 A,Vallila,Helsinki,"48,5 m²",289 500 €,"
2h+kk+kph
"
Vilhonvuorenkuja 4 B,Sörnäinen,Helsinki,"45,5 m²",336 000 €,"
2h+k+kph+vh+lasitettu parveke
"
Kiertotähdentie 6 C,Siltamäki,Helsinki,50 m²,119 000 €,"
2h+kk+kph
"
Satamakatu 3,Katajanokka,Helsinki,42 m²,479 000 €,"
2h+kt
"
Näyttelijäntie 14 B,Pohjois-Haaga,Helsinki,"54,5 m²",199 000 €,"
2h, k, kph, s, et, lasitettu parveke
"
Lapinlahdenkatu 11,Kamppi,Helsinki,"67,8 m²",535 000 €,"
2h, k, kph.
"
Strömsinlahdenkuja 2,Roihuvuori,Helsinki,44 m²,190 000 €,"
2h, avok., sauna ja lasitettu parveke
"
Harjukatu 6,Harju,Helsinki,53 m²,327 000 €,"
2h, avokeittiö, kylpyhuone
"
Strömsinlahdenkuja 1,Roihuvuori,Helsinki,45 m²,198 000 €,"
2h, avok, kph, las. parveke
"
MAISEMAMAALAUKSENKATU 3,Kuninkaantammi,Helsinki,"57,5 m²",304 000 €,"
2h, avokeittiö, kph, vh, viherhuone/parv.
"
Perhosenkierto 33,Malminkartano,Helsinki,"52,5 m²",28 855 €,"
2h+kt
"
Mechelininkatu 23 B,Etu-Töölö,Helsinki,"80,6 m²",595 000 €,"
2 h + kn (YJ:n mukaan 3 h)
"
Topeliuksenkatu 16 C40,Töölö,Helsinki,60 m²,600 000 €,"
2h+kt+vh (s-var.) - 60,0 m2
"
Döbelninkatu 3 a,Töölö,Helsinki,64 m²,485 000 €,"
2h+ak+halli (yj2h+kk)
"
Ohjaajantie 3,Pohjois-Haaga,Helsinki,48 m²,246 000 €,"
2h, k, rt, kph, parv.
"
Pursimiehenkatu 21 C,Punavuori,Helsinki,36 m²,387 000 €,"
2h+kk
"
Kirjokiventie 1 ja 2,Maununneva,Helsinki,51 m²,19 954 €,"
2H+K+S
"
Pääskylänrinne 4 B,Sörnäinen,Helsinki,51 m²,298 000 €,"
2h+avok+kph
"
Saariselänkuja 2,Mellunmäki,Helsinki,"40,5 m²",125 000 €,"
2h, pk, kph, prv
"
Suonionkatu 1 B,Kallio,Helsinki,44 m²,275 000 €,"
2h, avok, kph/wc
"
Isonnevantie 41,Haaga,Helsinki,47 m²,260 000 €,"
2h+k+kph+p
"
Lehdokkipolku 6 B,Itäkeskus,Helsinki,"62,5 m²",192 000 €,"
2h + k + vh + kph + lasitettu parveke (Yj 2h+k)
"
Fleminginkatu 20 A,Harju,Helsinki,"57,7 m²",364 000 €,"
2h+kk+kh
"
Ryytimaantie 13 A,Etelä-Haaga,Helsinki,46 m²,259 000 €,"
2 h, kk, kph, parveke
"
Porvoonkatu 51 A,Alppila,Helsinki,35 m²,259 000 €,"
2 h, ikkunallinen kk, kph
"
Ristiretkeläistenkatu 11 F 33,Viikinmäki,Helsinki,"49,5 m²",305 450 €,"
2H+KT
"
Ristiretkeläistenkatu 11 F 41,Viikinmäki,Helsinki,"49,5 m²",311 000 €,"
2H+KT
"
Ristiretkeläistenkatu 11 F 32,Viikinmäki,Helsinki,"49,5 m²",305 450 €,"
2H+KT
"
Museokatu 40 C,Etu-Töölö,Helsinki,"44,8 m²",468 160 €,"
2h, avok, kh
"
Pihkatie 3 A,Malminkartano,Helsinki,"63,5 m²",169 800 €,"
2h+k+vaatehuone+terassa+piha
"
Niemenmäentie 2 A,Niemenmäki (Munkkivuori),Helsinki,42 m²,225 000 €,"
2h+k+kph+parveke (yhtiöjärjestyksen mukaan 2h+kk)
"
Pyynikintie 5 B,Pihlajisto,Helsinki,"61,6 m²",169 000 €,"
2h+k+lasitettu parveke
"
Hattelmalantie 13 A,Pihlajisto,Helsinki,"55,5 m²",165 000 €,"
2h+k+kph+s+p (Yj. 2h+k+sauna)
"
Munkkisaarenkatu 14 B,Hernesaari,Helsinki,"42,7 m²",378 000 €,"
1h+avok+kph
"
Lohkarekuja 1,Kivikko,Helsinki,59 m²,16 425 €,"
2H+K+S
"
Kalkkivuorentie 43 D,Heikinlaakso,Helsinki,65 m²,219 000 €,"
2h + k + sauna
"
Kanneltie 3 B,Kannelmäki,Helsinki,43 m²,163 000 €,"
2h, kk, kph, las. p
"
Kantelettarentie 8 C,Kannelmäki,Helsinki,50 m²,182 000 €,"
2h, kk, kph, parveke
"
Vihdintie 15,Etelä-Haaga,Helsinki,37 m²,249 000 €,"
2h, kk, parveke
"
Haapasaarentie 10,Vuosaari,Helsinki,47 m²,159 000 €,"
2h, kk, kph, parveke x 2
"
Purjetie 3,Vuosaari,Helsinki,"50,8 m²",169 000 €,"
2h, k, kph, lasitettu parveke
"
Hämeentie 94 A,Vallila,Helsinki,96 m²,386 000 €,"
2 h + k + ask.huone + khh + s
"
Liisankatu 19 B,Kruununhaka,Helsinki,46 m²,395 000 €,"
2-3h, kk, kph
"
Punavuorenkatu 14 B,Punavuori,Helsinki,63 m²,579 000 €,"
2h+avok.+kph+lasitettu parveke
"
Aittatie 13 a,Konala,Helsinki,"51,5 m²",289 000 €,"
2h, avok., vh, kph ja sauna  + terassi
"
Pläsinpellonkuja 2 A 33,Siltamäki,Helsinki,"41,5 m²",22 721 €,"
2h+kt
"
Neitsytsaarentie 1 C,Vuosaari,Helsinki,53 m²,183 000 €,"
2h, keittiö, kph, vh, las.parveke
"
Vaasanpolku 1 A,Sörnäinen,Helsinki,62 m²,364 900 €,"
2h, k, kph ja sauna
"
Korppaanmäentie 7 C,Pikku Huopalahti,Helsinki,"60,5 m²",303 000 €,"
2h,k
"
Kalasatamankatu 9 A81,Kalasatama,Helsinki,48 m²,477 000 €,"
2h+avok+kph+s+vh+viherhuone+rp
"
Liusketie 2,Pihlajamäki,Helsinki,"55,5 m²",112 000 €,"
2h+kk+kph+vh
"
Neljäs linja 16,Kallio,Helsinki,54 m²,344 000 €,"
2h+k+kph+vh+p
"
Kauppiaankatu 8-10 E,Katajanokka,Helsinki,"67,5 m²",545 000 €,"
2 h, k
"
Bertha Pauligin katu 3 B 50,Vuosaari,Helsinki,34 m²,253 700 €,"
2h+kt
"
Bertha Pauligin katu 3 C 52,Vuosaari,Helsinki,34 m²,253 700 €,"
2h+kt
"
Bertha Pauligin katu 3 A 36,Vuosaari,Helsinki,"38,5 m²",294 500 €,"
2h+kt
"
Bertha Pauligin katu 3 A 27,Vuosaari,Helsinki,"41,5 m²",278 700 €,"
2h+kt
"
Bertha Pauligin katu 3 A 41,Vuosaari,Helsinki,"41,5 m²",301 800 €,"
2h+kt
"
Bertha Pauligin katu 3 A 08,Vuosaari,Helsinki,"38,5 m²",273 900 €,"
2h+kt
"
Bertha Pauligin katu 3 A 15,Vuosaari,Helsinki,"38,5 m²",278 700 €,"
2h+kt
"
Bertha Pauligin katu 3 A 22,Vuosaari,Helsinki,"38,5 m²",283 800 €,"
2h+kt
"
Bertha Pauligin katu 3 A 29,Vuosaari,Helsinki,"38,5 m²",288 900 €,"
2h+kt
"
Bertha Pauligin katu 3 A 34,Vuosaari,Helsinki,"41,5 m²",283 800 €,"
2h+kt
"
Bertha Pauligin katu 3 A 03,Vuosaari,Helsinki,"38,5 m²",265 700 €,"
2h+kt
"
Kontukuja 4,Kontula,Helsinki,59 m²,155 000 €,"
2h, k, kph, p
"
Parmaajanpolku 2 B,Tapulikaupunki/Suutarila,Helsinki,60 m²,139 000 €,"
2 h, k, kph, lasitettu parveke (yj. 2h+k)
"
Kiertotähdentie 6,Siltamäki,Helsinki,"48,5 m²",139 000 €,"
2h,kk
"
Alakiventie 1 C 32,Myllypuro,Helsinki,"46,5 m²",179 000 €,"
2h+k+kph
"
Helsinginkatu 8,Kallio,Helsinki,58 m²,345 000 €,"
2h + avokeittiö + kph + alkovi
"
Sulkapolku 1 C49,Pitäjänmäki,Helsinki,54 m²,278 700 €,"
2h+kt+s
"
Kaanaankatu 1c E 200,Arabianranta,Helsinki,56 m²,421 300 €,"
2h+kt+s
"
Kaanaankatu 1c E 197,Arabianranta,Helsinki,"48,5 m²",353 100 €,"
2h+kt+s
"
Kaanaankatu 1c E 194,Arabianranta,Helsinki,56 m²,410 700 €,"
2h+kt+s
"
Kaanaankatu 1c E 191,Arabianranta,Helsinki,"48,5 m²",346 000 €,"
2h+kt+s
"
Kaanaankatu 1c E 188,Arabianranta,Helsinki,56 m²,398 800 €,"
2h+kt+s
"
Kaanaankatu 1c E 185,Arabianranta,Helsinki,"48,5 m²",334 200 €,"
2h+kt+s
"
Kaanaankatu 1c E 182,Arabianranta,Helsinki,56 m²,388 100 €,"
2h+kt+s
"
Kaanaankatu 1c E 179,Arabianranta,Helsinki,"48,5 m²",326 900 €,"
2h+kt+s
"
Kaanaankatu 1c E 176,Arabianranta,Helsinki,56 m²,376 200 €,"
2h+kt+s
"
Kaanaankatu 1c E 173,Arabianranta,Helsinki,"48,5 m²",315 200 €,"
2h+kt+s
"
Kaanaankatu 1c E 170,Arabianranta,Helsinki,"48,5 m²",296 600 €,"
2h+kt+s
"
Kaanaankatu 1c E 167,Arabianranta,Helsinki,56 m²,356 300 €,"
2h+kt+s
"
Kaanaankatu 1c D 163,Arabianranta,Helsinki,41 m²,347 900 €,"
2h+kt
"
Kaanaankatu 1c D 158,Arabianranta,Helsinki,"43,5 m²",359 100 €,"
2h+kt
"
Kaanaankatu 1c D 153,Arabianranta,Helsinki,"43,5 m²",340 700 €,"
2h+kt
"
Kaanaankatu 1c D 148,Arabianranta,Helsinki,"43,5 m²",333 700 €,"
2h+kt
"
Kaanaankatu 1c D 143,Arabianranta,Helsinki,"43,5 m²",322 500 €,"
2h+kt
"
Kaanaankatu 1c D 138,Arabianranta,Helsinki,"43,5 m²",315 300 €,"
2h+kt
"
Kaanaankatu 1c D 133,Arabianranta,Helsinki,"43,5 m²",304 200 €,"
2h+kt
"
Kaanaankatu 1c D 130,Arabianranta,Helsinki,"43,5 m²",286 200 €,"
2h+kt
"
Kaanaankatu 1c D 127,Arabianranta,Helsinki,"54,5 m²",352 000 €,"
2h+kt+s
"
Isonvillasaarentie 8,Vuosaari,Helsinki,46 m²,158 000 €,"
2h+k
"
Viides linja 2 B,Kallio,Helsinki,"46,5 m²",329 000 €,"
2h, avok. (Yht.järj. 2h+kk)
"
Alppikatu 13 B,Kallio,Helsinki,"56,5 m²",344 000 €,"
2h+k
"
Kustaankatu 8 a,Alppiharju,Helsinki,84 m²,417 000 €,"
2 h, avok, kph, erill.wc/kh-tila, vh
"
Agronominkatu 10 E,Viikki,Helsinki,"56,5 m²",289 000 €,"
2h+kk
"
Mannerheimintie 132,Meilahti,Helsinki,40 m²,320 000 €,"
2h+kk+kph
"
KALJAASI FORTUNAN KATU 1,Sompasaari,Helsinki,54 m²,429 000 €,"
2h, avok, kph, vh, p
"
Malminkatu 20 A,Kamppi,Helsinki,53 m²,545 000 €,"
2h+kk+vh+parveke
"
Neitsytsaarentie 1 B,Vuosaari,Helsinki,53 m²,159 000 €,"
2h, k, vh, kph, parveke
"
Halsuantie 5-7 E 56,Kaarela,Helsinki,60 m²,169 000 €,"
2h+k+kph+vh+las.parv
"
Ilmarinkatu 12,Etu-Töölö,Helsinki,86 m²,660 000 €,"
2h+k+kph+et
"
Siltasaarenkatu 26 B,Kallio,Helsinki,"40,5 m²",318 000 €,"
2h+kk
"
Vanha Tapanilantie 2 B,Tapaninvainio,Helsinki,48 m²,239 000 €,"
2h, avok, kph, parveke (yj:n mukaan 2h+k+var)
"
Hämeentie 156 B,Toukola,Helsinki,45 m²,282 000 €,"
2h, k, kph, parveke
"
Leimasinkatu 9,Postipuisto,Helsinki,"72,5 m²",351 900 €,"
3h + kt
"
Leimasinkatu 9,Postipuisto,Helsinki,"64,5 m²",341 900 €,"
3h + kt
"
Leimasinkatu 9,Postipuisto,Helsinki,"81,5 m²",407 900 €,"
4h + kt
"
Trumpettitie 4 E 35,Kannelmäki,Helsinki,"50,5 m²",145 000 €,"
2h+kk+kph+las.parv
"
Jokiniementie 29,Veräjämäki,Helsinki,53 m²,229 000 €,"
2h, avok, parveke, kph
"
Gyldénintie 2,Lauttasaari,Helsinki,"47,5 m²",528 000 €,"
2h+kt
"
Gyldénintie 2,Lauttasaari,Helsinki,46 m²,473 000 €,"
2h+kt
"
Gyldénintie 2,Lauttasaari,Helsinki,"46,5 m²",523 000 €,"
2h+kt
"
Gyldénintie 2,Lauttasaari,Helsinki,46 m²,458 000 €,"
2h+kt
"
Gyldénintie 2,Lauttasaari,Helsinki,"42,5 m²",488 500 €,"
2h+kt
"
Gyldénintie 2,Lauttasaari,Helsinki,"42,5 m²",465 500 €,"
2h+kt
"
Gyldénintie 2,Lauttasaari,Helsinki,46 m²,448 000 €,"
2h+kt
"
Gyldénintie 2,Lauttasaari,Helsinki,46 m²,453 000 €,"
2h+kt
"
Gyldénintie 2,Lauttasaari,Helsinki,"42,5 m²",460 500 €,"
2h+kt
"
Gyldénintie 2,Lauttasaari,Helsinki,43 m²,448 500 €,"
2h+kt
"
Gyldénintie 2,Lauttasaari,Helsinki,"42,5 m²",455 500 €,"
2h+kt
"
Pormestarinrinne 8 B,Katajanokka,Helsinki,"66,6 m²",739 000 €,"
2-3h, avok, kph, vh
"
Vaasankatu 9 B,Kallio,Helsinki,50 m²,349 000 €,"
2h, avok, alkovi, kph
"
Lehdesniityntie 3 A,Lehtisaari,Helsinki,"54,3 m²",229 000 €,"
2h+k+kph+vh+las.parveke, (yj:n mukaan 2h+k)
"
Agronominraitti 6,Viikki,Helsinki,"47,5 m²",20 658 €,"
2H+KK+S
"
Larin Kyöstin tie 10,Oulunkylä,Helsinki,43 m²,320 200 €,"
2h+kt
"
Larin Kyöstin tie 10,Oulunkylä,Helsinki,53 m²,359 100 €,"
2h+kt
"
Larin Kyöstin tie 10,Oulunkylä,Helsinki,"60,5 m²",395 800 €,"
2h+k
"
Larin Kyöstin tie 10,Oulunkylä,Helsinki,55 m²,349 400 €,"
2h+k
"
Larin Kyöstin tie 10,Oulunkylä,Helsinki,49 m²,368 800 €,"
2h+k
"
Larin Kyöstin tie 10,Oulunkylä,Helsinki,49 m²,339 300 €,"
2h+k
"
Larin Kyöstin tie 10,Oulunkylä,Helsinki,50 m²,345 300 €,"
2h+kt
"
Bulevardi 17,Kamppi,Helsinki,82 m²,889 000 €,"
2h, k, kph
"
Maasälväntie 8,Pihlajamäki,Helsinki,"45,5 m²",165 000 €,"
2h, kk, kph, parveke
"
Siltavoudintie 14,Oulunkylä,Helsinki,40 m²,215 000 €,"
2h, avok, kph
"
Kauppalantie 22 B,Etelä-Haaga,Helsinki,51 m²,299 000 €,"
2h+k
"
Saniaistie 18,Tapanila,Helsinki,51 m²,159 000 €,"
2h,k, kph, p
"
Pajupillintie 15 A,Kannelmäki,Helsinki,50 m²,212 000 €,"
2h, k, kph, parveke
"
Hiihtäjäntie 2 a,Herttoniemi,Helsinki,41 m²,229 000 €,"
2h+kk
"
Kuusitie 9 as,Meilahti,Helsinki,35 m²,234 000 €,"
2H+KK+KPH (yhtiöjärjestyksen mukaan 2h+kk)
"
Inarintie 16 B,Vallila,Helsinki,"53,5 m²",299 000 €,"
2h+k+lasitettu parveke (Yht. järj. 2h+k)
"
Topeliuksenkatu 36,Meilahti,Helsinki,45 m²,275 000 €,"
2h, kk, kph
"
Malmin raitti 5 A,Malmi,Helsinki,"51,5 m²",161 000 €,"
2h, k, p (yht.järj.muk. 2h+k+kph)
"
Välimetsäntie 9,Oulunkylä,Helsinki,"59,5 m²",229 000 €,"
2h, k, kph, vaatehuone, lasitettu parveke
"
Limonadikuja 6,Konala,Helsinki,54 m²,279 990 €,"
2h+kt+sauna
"
Messipojankuja 12 B 45,Ruoholahti,Helsinki,48 m²,14 485 €,"
2H+KK+S
"
Honkatie 4 B,Meilahti,Helsinki,"44,5 m²",321 000 €,"
2h, avokeittiö, kph
"
HÖYRYPOLKU 4 A09,Pasila,Helsinki,"44,5 m²",354 400 €,"
2h+kt
"
HÖYRYPOLKU 4 B71,Pasila,Helsinki,"37,5 m²",358 400 €,"
2h+kt
"
HÖYRYPOLKU 4 B61,Pasila,Helsinki,"37,5 m²",346 845 €,"
2h+kt
"
Juutinraumankatu 9,Jätkäsaari,Helsinki,"64,5 m²",519 000 €,"
2h, avokeittö, kph, las.parveke
"
Neulastie 4 D,Malminkartano,Helsinki,61 m²,183 000 €,"
2 h + k + kph + s + parveke
"
Strömsinlahdenkuja 1,Roihuvuori,Helsinki,"58,5 m²",265 000 €,"
2h+k+kph+vh+lasitettu parveke
"
Tankomäenkatu 3,Mellunkylä,Helsinki,"39,5 m²",209 000 €,"
2h, kt
"
Eskolantie 5,Pukinmäki,Helsinki,"56,5 m²",198 000 €,"
2h, k, kph, vh, p
"
Kiskontie 18 A,Ruskeasuo,Helsinki,41 m²,224 000 €,"
2 h, k, kh, p (Yj 2h+k+kph)
"
Pihlajistontie 1 A,Pihlajisto,Helsinki,50 m²,254 000 €,"
2h+kt+s
"
Hietalahdenranta 3,Punavuori,Helsinki,67 m²,669 000 €,"
2h, k, kph, s, vh, las. parveke
"
Pelimannintie 18-20 E,Kannelmäki,Helsinki,55 m²,148 000 €,"
2h, k, kph, lasitettu parveke 
"
Välimerenkatu 12 H,Jätkäsaari,Helsinki,45 m²,484 000 €,"
2h+avok+kph (yj mukaan 2h+kk)
"
Kivalterintie 22,Oulunkylä,Helsinki,50 m²,237 000 €,"
2h, avokeittiö, kph, parveke
"
Kalevankatu 45 D,Kamppi,Helsinki,"86,5 m²",575 000 €,"
2h+k+kph+wc+s+eteinen
"
Teollisuuskatu 28,Vallila,Helsinki,58 m²,568 000 €,"
2h + avok + p (2-3h)
"
Maasälväntie 6,Pihlajamäki,Helsinki,"40,5 m²",157 000 €,"
2 h, kk, kph, ransk. parveke
"
Mechelininkatu 2 A 14,Etu-Töölö,Helsinki,62 m²,498 000 €,"
2h + k + alkovi/parvi + e + p
"
Laakavuorentie 4 A 9,Mellunmäki,Helsinki,59 m²,156 000 €,"
2h+k+kph+p
"
Riihipellontie 3 B,Konala,Helsinki,44 m²,184 000 €,"
2h+k
"
Liusketie 2 G,Pihlajamäki,Helsinki,"55,5 m²",143 000 €,"
2h+kk+kph+vh+lasitettu parveke
"
Toinen linja 15 B,Kallio,Helsinki,"40,5 m²",270 000 €,"
2h+kk
"
Maasälväntie 14,Pihlajamäki,Helsinki,55 m²,159 000 €,"
2h, k, kph
"
Kalevankatu 45 D,Kamppi,Helsinki,44 m²,418 000 €,"
2 h + kph + wc + vh + e
"
Luostonkuja 3 C,Mellunmäki,Helsinki,54 m²,169 000 €,"
2h,k,kph,p (Yhtiöjärjestyksessä 2 h+k)
"
Punavuorenkatu 21 C,Punavuori,Helsinki,60 m²,445 000 €,"
2 h, keittiö, kph/wc, lasitettu parveke 
"
Petter Wetterin tie 1 c A,Herttoniemi,Helsinki,"54,5 m²",309 000 €,"
2h, avok, kph/s, vh, las.terassi, piha
"
Mannerheimintie 72,Taka-Töölö,Helsinki,"44,7 m²",347 000 €,"
2h + avok+kph (yhtiöjärjestyksen mukaan 2h+kph)
"
Hiekkalaiturinraitti 12 D,Kallahti,Helsinki,62 m²,249 000 €,"
2h+k.
"
Neitojenranta 2,Herttoniemi,Helsinki,"59,5 m²",472 000 €,"
2h + avok + s + p
"
Kitarakuja 4 D,Kannelmäki,Helsinki,59 m²,234 000 €,"
2h, k, kph ja las.parv
"
Pietarinkatu 14 B,Ullanlinna,Helsinki,"62,5 m²",553 000 €,"
2h, avok, kph
"
Niittaajankatu 10,Herttoniemi,Helsinki,"43,5 m²",294 900 €,"
2h+kt+sauna
"
Kalkkivuorentie 43 D,Heikinlaakso,Helsinki,65 m²,203 000 €,"
2h+k+sauna
"
Keijukaistenpolku 7 B,Roihuvuori,Helsinki,"56,5 m²",268 000 €,"
2h+k+kph+vh+parveke (yj:n mukaan 2h+k)
"
Lauttasaarentie 52 C,Lauttasaari,Helsinki,50 m²,475 000 €,"
2h+kt+s
"
Iso Roobertinkatu 46 B,Punavuori,Helsinki,"40,5 m²",359 000 €,"
2h,avok,kph
"
Jousimiehentie 10 I,Siltamäki,Helsinki,62 m²,145 000 €,"
2h+k+kph+vh+ lasitettu parveke
"
Satamasaarentie 1 D,Vuosaari,Helsinki,79 m²,220 000 €,"
2h+k
"
Norkkokuja 6 ja 7,Viikki,Helsinki,"56,5 m²",22 274 €,"
2H+K
"
Agronominraitti 6,Viikki,Helsinki,56 m²,24 034 €,"
2H+K+S
"
Ormusmäentie 1 B,Malmi,Helsinki,51 m²,268 000 €,"
2h+k+alkovi+kph+sauna +las.parveke
"
Messeniuksenkatu 7 B,Taka-Töölö,Helsinki,49 m²,375 000 €,"
2h, kk, kh
"
Hämeentie 95 A,Hermanni,Helsinki,"39,5 m²",269 000 €,"
2h+kk+kh
"
Kauriintie 3 G,Siltamäki,Helsinki,"63,5 m²",130 000 €,"
2h+k+kph+wc+vh+parveke
"
Kivijatatie 4,Kivikko,Helsinki,61 m²,208 000 €,"
2h, k, kph, s, piha
"
Keinulaudantie 5 F,Kontula,Helsinki,61 m²,173 646 €,"
2h + k + p
"
Malminkatu 22 B 39,Kamppi,Helsinki,36 m²,379 000 €,"
2h + k + kph + vh (yhtiöjärj. mukaan 2h + kk + al)
"
Tilanhoitajankaari 7,Viikki,Helsinki,47 m²,16 337 €,"
2H+KK+S
"
Matkamiehentie 12,Haaga,Helsinki,51 m²,201 000 €,"
2h+k+kph+las.parv
"
Eerikinkatu 48 B,Kamppi,Helsinki,"56,7 m²",497 000 €,"
2 h+k
"
Kuusitie 4 A,Meilahti,Helsinki,40 m²,319 000 €,"
2 h, k, kph, vh
"
Sulkapolku 1 B32,Pitäjänmäki,Helsinki,"49,5 m²",255 100 €,"
2h+kt
"
Amiraalinkatu 4,Katajanokka,Helsinki,46 m²,300 000 €,"
2h, kk
"
Saukonpaadenranta 22 B,Jätkäsaari,Helsinki,"43,5 m²",429 000 €,"
2h+kt+kph+lasitettu parv (yht.järj. 2h+kt)
"
Ruoholahdenkatu 24 D,Kamppi,Helsinki,40 m²,328 000 €,"
1 h+kk+alk 
"
Hela-aukio 3 B,Malmi,Helsinki,44 m²,203 000 €,"
2h+avokeittiö+kph+piha (yhtiöjärjestyksen mukaan 2h+kk)
"
Taavetti Laitisen katu 3,Ruskeasuo,Helsinki,57 m²,245 000 €,"
2h + k + kph
"
Kaartintorpantie 3 A 2,Munkkiniemi,Helsinki,37 m²,470 000 €,"
2h, kt, kh
"
Kaartintorpantie 3 A 8,Munkkiniemi,Helsinki,37 m²,510 000 €,"
2h, kt, sauna
"
Fredrikinkatu 69,Etu-Töölö,Helsinki,57 m²,612 000 €,"
2 h, avok, kph, vh
"
Naapurintie 3,Kontula,Helsinki,"56,5 m²",164 000 €,"
2h, kk, kph, p
"
Vuorikatu 6 B,Kluuvi,Helsinki,"46,4 m²",457 000 €,"
2h+k
"
Jousimiehentie 10 B,Siltamäki,Helsinki,"63,5 m²",149 000 €,"
2h+k+kph+erill.wc+vh+lasitettu terassi+piha
"
Pihlajistontie 1 A,Pihlajisto,Helsinki,50 m²,254 000 €,"
2h+kt+s
"
Korppaanmäentie 7 B,Pikku Huopalahti,Helsinki,"59,5 m²",325 000 €,"
2h+k
"
Salpausseläntie 13,Pihlajisto,Helsinki,"57,5 m²",154 000 €,"
2h, k, kph, lasitettu parveke
"
Kastelholmantie 4,Puotinharju,Helsinki,"51,5 m²",187 000 €,"
2 h, k, kph, las. parveke
"
Kaisaniemenkatu 3,Kluuvi,Helsinki,75 m²,715 000 €,"
2h, k, halli, kph
"
Kirstinkatu 2 D,Kallio,Helsinki,51 m²,359 000 €,"
2 h+ kk
"
Linnanrakentajantie 11 ja Rouvienpolku 11,Herttoniemenranta,Helsinki,"51,5 m²",15 525 €,"
2H+KK+S
"
Tarkk'ampujankatu 14 A,Ullanlinna,Helsinki,60 m²,525 000 €,"
2h+kk+kph
"
Mätästie 5 L 237,Suurmetsä,Helsinki,"63,5 m²",128 800 €,"
2h+k+kph+s+las.parv
"
Fleminginkatu 12,Kallio,Helsinki,"49,5 m²",350 000 €,"
2h, kk, kph, et
"
Huovitie 6 A,Haaga,Helsinki,54 m²,239 000 €,"
2h, k, kph, parveke
"
Poutamäentie 4 B,Pajamäki,Helsinki,50 m²,259 000 €,"
2h+kk
"
Alppikylänkuja 13,Alppikylä,Helsinki,"45,5 m²",26 554 €,"
2H+KT+S
"
Vuolukiventie 10,Pihlajamäki,Helsinki,66 m²,185 000 €,"
2h, k, kph, vh, lasit.parveke
"
Sulkapolku 1 A7,Pitäjänmäki,Helsinki,"37,5 m²",211 200 €,"
2h+kt
"
Maasälväntie 12,Pihlajamäki,Helsinki,"40,5 m²",152 000 €,"
2h, kk, ranskalainen parveke
"
Luoteisväylä 19,Lauttasaari,Helsinki,54 m²,398 000 €,"
2h, avok, kph, vh, las.parveke
"
Kivikonkaari 20,Kivikko,Helsinki,"56,5 m²",19 111 €,"
2H+K+S
"
Eerikinkatu 20,Kamppi,Helsinki,64 m²,500 000 €,"
2h, k, kph
"
Markkinatie 14,Malmi,Helsinki,"59,5 m²",13 493 €,"
2H+K+S
"
KOLLIKATU 4B 41,Metsälä,Helsinki,"46,5 m²",315 900 €,"
2h+kt+s+lasitettu 16,5m2 eteläparveke
"
Franzéninkatu 26 A 35,Kallio,Helsinki,37 m²,349 000 €,"
2h+kt
"
Albertinkatu 13 A,Punavuori,Helsinki,45 m²,389 000 €,"
2h,k,kph,parveke
"
Vetehisenkuja 5,Hakaniemi,Helsinki,"44,5 m²",389 000 €,"
2h + kk + p
"
Pläsinpellonkuja 4,Siltamäki,Helsinki,44 m²,209 500 €,"
Uudenveroinen, valoisa 2017 valmistunut kaksio.
"
Leikkikuja 3 b,Kontula,Helsinki,"55,5 m²",115 000 €,"
2h+k+kph+vh+parveke
"
Kolsarinkuja 4,Konala,Helsinki,50 m²,179 000 €,"
2h, k, kph, vh, p
"
Inkoonkatu 5 A,Alppila,Helsinki,39 m²,229 000 €,"
2 h, avokk., kph
"
Pursimiehenkatu 7 B,Punavuori,Helsinki,60 m²,565 000 €,"
2h, k, kh
"
Apteekkarinkatu 3,Viikki,Helsinki,"53,5 m²",263 000 €,"
2h, kk, kph, s, lasitettu parveke
"
Ormusmäentie 8,Malmi,Helsinki,"57,5 m²",172 000 €,"
2h, kk
"
Koskelantie 30,Käpylä,Helsinki,50 m²,319 000 €,"
2h + kk + p
"
Kanneltie 15 G,Kannelmäki,Helsinki,"49,5 m²",209 000 €,"
2h + k
"
Mannerheimintie 95 B,Ruskeasuo,Helsinki,"50,5 m²",422 000 €,"
2h,avokeittiö, lasitettu parveke
"
Patolantie 6-8 D,Oulunkylä,Helsinki,62 m²,242 000 €,"
2h+k+terassi
"
Koskelantie 64 A 40,Käpylä,Helsinki,"39,5 m²",257 000 €,"
2h, kt
"
Kellosilta 8A A56,Pasila,Helsinki,53 m²,437 400 €,"
2h+kt
"
Kellosilta 8A A37,Pasila,Helsinki,46 m²,343 670 €,"
2h+kt
"
Kellosilta 8A A47,Pasila,Helsinki,46 m²,363 200 €,"
2h+kt
"
Kellosilta 8A A21,Pasila,Helsinki,"39,5 m²",291 340 €,"
2h+kt
"
Kellosilta 8A A57,Pasila,Helsinki,46 m²,397 560 €,"
2h+kt
"
Kellosilta 8A A46,Pasila,Helsinki,53 m²,396 780 €,"
2h+kt
"
Kellosilta 8A A36,Pasila,Helsinki,53 m²,372 570 €,"
2h+kt
"
Kellosilta 8A A61,Pasila,Helsinki,53 m²,459 270 €,"
2h+kt
"
Kellosilta 8A A33,Pasila,Helsinki,"39,5 m²",307 740 €,"
2h+kt
"
Kellosilta 8A A30,Pasila,Helsinki,53 m²,361 640 €,"
2h+kt
"
Kellosilta 8A A62,Pasila,Helsinki,46 m²,417 090 €,"
2h+kt
"
Kellosilta 8A A51,Pasila,Helsinki,53 m²,415 530 €,"
2h+kt
"
Kellosilta 8A A27,Pasila,Helsinki,"39,5 m²",299 930 €,"
2h+kt
"
Kellosilta 8A A41,Pasila,Helsinki,53 m²,385 850 €,"
2h+kt
"
Kellosilta 8A A52,Pasila,Helsinki,46 m²,378 820 €,"
2h+kt
"
Kellosilta 8A A42,Pasila,Helsinki,46 m²,353 040 €,"
2h+kt
"
Kellosilta 8A A19,Pasila,Helsinki,46 m²,314 770 €,"
2h+kt
"
Kellosilta 8A A25,Pasila,Helsinki,46 m²,324 930 €,"
2h+kt
"
Kellosilta 8A A24,Pasila,Helsinki,53 m²,349 920 €,"
2h+kt
"
Kellosilta 8A A09,Pasila,Helsinki,"39,5 m²",274 940 €,"
2h+kt
"
Kellosilta 8A A07,Pasila,Helsinki,46 m²,289 780 €,"
2h+kt
"
Kellosilta 8A A31,Pasila,Helsinki,46 m²,334 300 €,"
2h+kt
"
Kellosilta 8A A15,Pasila,Helsinki,"39,5 m²",283 530 €,"
2h+kt
"
Kellosilta 8A A18,Pasila,Helsinki,53 m²,338 990 €,"
2h+kt
"
Kellosilta 8A A01,Pasila,Helsinki,43 m²,260 880 €,"
2h+kt
"
Kellosilta 8A A12,Pasila,Helsinki,53 m²,328 050 €,"
2h+kt
"
Kellosilta 8A A13,Pasila,Helsinki,46 m²,305 400 €,"
2h+kt
"
Kellosilta 8A A03,Pasila,Helsinki,"39,5 m²",261 660 €,"
2h+kt
"
Kellosilta 8A A06,Pasila,Helsinki,53 m²,310 090 €,"
2h+kt
"
Koirasaarentie 43 C 55,Kruunuvuori,Helsinki,53 m²,374 000 €,"
2H+KT
"
Koirasaarentie 43 C 59,Kruunuvuori,Helsinki,51 m²,370 200 €,"
2H+KT
"
Koirasaarentie 43 C 54,Kruunuvuori,Helsinki,51 m²,370 200 €,"
2H+KT
"
Koirasaarentie 43 C 48,Kruunuvuori,Helsinki,51 m²,360 000 €,"
2H+KT
"
Koirasaarentie 43 C 43,Kruunuvuori,Helsinki,51 m²,349 800 €,"
2H+KT
"
Saanatunturintie 3 E,Mellunmäki,Helsinki,"47,5 m²",105 000 €,"
2h+kk
"
Korsholmantie 5,Puotinharju,Helsinki,50 m²,175 000 €,"
2h, k, kph, lasit. p.
"
Ounasvaarantie 7,Mellunkylä,Helsinki,63 m²,12 119 €,"
2H+K
"
Muottikuja 5 B 31,Pitäjänmäki,Helsinki,51 m²,13 959 €,"
2H+KK+S
"
Saniaistie 22 A,Tapanila,Helsinki,"55,5 m²",179 000 €,"
2h+k+lasitettu parveke
"
Ratakatu 21 A,Punavuori,Helsinki,48 m²,449 000 €,"
2 h+kk+kh
"
Pihlajistontie 1 A,Pihlajisto,Helsinki,50 m²,254 000 €,"
2h+kt+s
"
Arkadiankatu 14,Etu-Töölö,Helsinki,"59,1 m²",479 000 €,"
2h, kk, kph, erill. wc
"
Sörnäisten rantatie 8 A 26,Hakaniemi,Helsinki,52 m²,379 000 €,"
2h+kk+kph
"
Mätästie 5 B,Suurmetsä,Helsinki,"50,5 m²",117 000 €,"
2h,k,kph,p
"
Pihlajistontie 1 A,Pihlajisto,Helsinki,50 m²,254 000 €,"
2h+kt+s
"
Pihlajistontie 1 A,Pihlajisto,Helsinki,50 m²,257 000 €,"
2h+kt+s
"
Saanatunturintie 1 O,Mellunmäki,Helsinki,47 m²,108 000 €,"
2h+kk
"
Sulkapolku 1 A2,Pitäjänmäki,Helsinki,"34,5 m²",204 700 €,"
2h+kt
"
Rakentajantie 1,Pitäjänmäki,Helsinki,"40,5 m²",179 000 €,"
2h, kk, kph, lasitettu parveke
"
Kylänevantie 14 B,Etelä-Haaga,Helsinki,"53,5 m²",305 859 €,"
2h + avok +kph+ parveke
"
Anianpellontie 14 A,Malmi,Helsinki,52 m²,119 000 €,"
2h,k,kph,ranskal.parveke
"
Maasälväntie 14 D,Pihlajamäki,Helsinki,55 m²,178 000 €,"
2h+kk+kph+vh+las.p
"
HÖYRYPOLKU 4 B87,Pasila,Helsinki,"37,5 m²",385 045 €,"
2h+kt
"
Meri-Rastilan tie 17 D,Vuosaari,Helsinki,59 m²,163 000 €,"
2h, k, kph, parveke
"
Klaneettitie 16-18 B,Kannelmäki,Helsinki,"54,5 m²",154 000 €,"
2 h, avok., wc, kph, lasitettu parveke
"
Turumankatu 20 A 15,Kruunuvuorenranta,Helsinki,47 m²,256 000 €,"
2h, kt, rt, kph, vh, ransk. parveke
"
Turumankatu 20 A 7,Kruunuvuorenranta,Helsinki,47 m²,242 000 €,"
2h, kt, rt, kph, vh, ransk.parveke
"
Koskelantie 64 B 66,Koskela,Helsinki,"47,5 m²",281 000 €,"
2h, kt
"
Kivipadontie 4,Oulunkylä,Helsinki,61 m²,230 000 €,"
2h, k, kph, lasitettu parveke
"
Otto Brandtin polku 4 C,Veräjälaakso,Helsinki,53 m²,192 000 €,"
2h,k,kph,sauna, parveke
"
Franzeninkatu 26,Kallio,Helsinki,"39,5 m²",333 000 €,"
2h+avok.+kh+3kpl ranskal.parv.
"
Kirkonkyläntie 11 A38,Malmi,Helsinki,34 m²,244 800 €,"
2h+kt
"
Kirkonkyläntie 11 A14,Malmi,Helsinki,34 m²,238 000 €,"
2h+kt
"
Kirkonkyläntie 11 A43,Malmi,Helsinki,34 m²,249 900 €,"
2h+kt
"
Kirkonkyläntie 11 A30,Malmi,Helsinki,34 m²,243 100 €,"
2h+kt
"
Kirkonkyläntie 11 A22,Malmi,Helsinki,34 m²,240 550 €,"
2h+kt
"
Kirkonkyläntie 11 A6,Malmi,Helsinki,34 m²,238 000 €,"
2h+kt
"
Siltavoudintie 9,Oulunkylä,Helsinki,51 m²,225 000 €,"
2h, k, kph, vh, parveke
"
Sulkapolku 1 C44,Pitäjänmäki,Helsinki,54 m²,273 100 €,"
2h+kt+s
"
Sulkapolku 1 C54,Pitäjänmäki,Helsinki,54 m²,285 700 €,"
2h+kt+s
"
Meri-Rastilan tie 17,Vuosaari,Helsinki,59 m²,165 000 €,"
2h, k, kph, terassipiha
"
Lehdokkipolku 6 d,Itäkeskus,Helsinki,"62,5 m²",169 000 €,"
2h +k + las.pa + oma sauna
"
Maaherrantie 34 B 72,Oulunkylä,Helsinki,"51,5 m²",355 400 €,"
2H+KT
"
Maaherrantie 34 B 66,Oulunkylä,Helsinki,"51,5 m²",350 200 €,"
2H+KT
"
Maaherrantie 34 B 48,Oulunkylä,Helsinki,"51,5 m²",334 800 €,"
2H+KT
"
Maaherrantie 34 A 32,Oulunkylä,Helsinki,"59,5 m²",363 000 €,"
2H+KT+VIHERH.
"
Maaherrantie 34 A 08,Oulunkylä,Helsinki,"59,5 m²",327 300 €,"
2H+KT+VIHERH.
"
Maaherrantie 34 B 60,Oulunkylä,Helsinki,"51,5 m²",345 100 €,"
2H+KT
"
Maaherrantie 34 B 54,Oulunkylä,Helsinki,"51,5 m²",339 900 €,"
2H+KT
"
Maaherrantie 34 A 26,Oulunkylä,Helsinki,"59,5 m²",357 000 €,"
2H+KT+VIHERH.
"
Kuvernöörintie 14,Laajasalo,Helsinki,"48,5 m²",225 000 €,"
2h + kk + kph
"
Aleksis Kiven katu 48,Alppila,Helsinki,"52,5 m²",359 000 €,"
2h+k+kph+vh+las.parv
"
Karstulantie 4,Vallila,Helsinki,"40,5 m²",285 000 €,"
2h+kt
"
Steniuksentie 39 A,Etelä-Haaga,Helsinki,36 m²,239 000 €,"
2h+kk+p, yhtiöjärjestyksen mukaan 2h+kk
"
Ounasvaarantie 7,Mellunkylä,Helsinki,63 m²,12 176 €,"
2H+K
"
Käärtipolku 1 B,Konala,Helsinki,54 m²,204 000 €,"
2h, avokeittiö, s
"
Sulkapolku 1 A1,Pitäjänmäki,Helsinki,"45,5 m²",239 000 €,"
2h+kt
"
Purjeentekijänkuja 11 A,Lauttasaari Vattuniemi,Helsinki,50 m²,588 000 €,"
2 h, avok, kph, sauna, lasitettu terassiparveke
"
Kaironkatu 4 A,Toukola,Helsinki,50 m²,288 000 €,"
2h+k+kph+parveke
"
Sulkapolku 1 B36,Pitäjänmäki,Helsinki,"49,5 m²",260 300 €,"
2h+kt
"
Kauppalantie 14 A 8,Haaga,Helsinki,"42,5 m²",250 000 €,"
2h + k + p
"
Otavantie 3 A,Lauttasaari,Helsinki,"51,5 m²",369 000 €,"
2h,kk
"
Sulkapolku 1 C50,Pitäjänmäki,Helsinki,53 m²,274 600 €,"
2h+kt
"
Sulkapolku 1 C45,Pitäjänmäki,Helsinki,53 m²,269 100 €,"
2h+kt
"
Sulkapolku 1 B40,Pitäjänmäki,Helsinki,"49,5 m²",266 800 €,"
2h+kt
"
Adolf Lindforsin tie 1 A,Pohjois-Haaga,Helsinki,35 m²,199 000 €,"
2h, k, kph, vaatehuone
"
Wallininkatu 10,Kallio,Helsinki,42 m²,298 000 €,"
2h+kk+kph+p
"
Svinhufvudintie 7 A,Kulosaari,Helsinki,44 m²,299 800 €,"
2h, kk, kph, parveke
"
Käpylänkuja 5,Käpylä,Helsinki,"46,5 m²",359 000 €,"
2h+avok.+kph+sauna+lasitettu terassi
"
Kaarenjalka 3,Kontula,Helsinki,56 m²,179 000 €,"
2h, k
"
Sammatintie 11 as. 3,Vallila,Helsinki,56 m²,385 000 €,"
2h + kt
"
Sammatintie 11 as. 21,Vallila,Helsinki,"46,5 m²",347 500 €,"
2h + kt
"
Sammatintie 11 as. 18,Vallila,Helsinki,44 m²,354 500 €,"
2h + kt
"
Sammatintie 11 as. 1,Vallila,Helsinki,"43,5 m²",327 500 €,"
2h + kt
"
Sammatintie 11 as. 29,Vallila,Helsinki,"46,5 m²",364 500 €,"
2h + kt
"
Sammatintie 11 as. 22,Vallila,Helsinki,44 m²,364 500 €,"
2h + kt
"
Sammatintie 11 as. 9,Vallila,Helsinki,"46,5 m²",332 500 €,"
2h + kt
"
Sammatintie 11 as. 4,Vallila,Helsinki,"58,5 m²",397 500 €,"
2h + kt
"
Hietalahdenranta 2,Punavuori,Helsinki,"62,5 m²",843 800 €,"
2h, k, kph, s, lasit. p.
"
Pajupillintie 26,Kannelmäki,HELSINKI,42 m²,179 000 €,"
2h,k,kph,vh,p
"
Trumpettitie 6,Kannelmäki,Helsinki,"49,5 m²",145 000 €,"
2h + k + kph
"
Kotinummentie 4 I,Malmi,Helsinki,"64,5 m²",189 000 €,"
2 h, k, ph/s, vh, lasitettu parveke
"
LAVAKATU 4 A 11,Postipuisto,Helsinki,37 m²,249 500 €,"
2h, avok, kph, las. p
"
Mäkelänkatu 93,Käpylä,Helsinki,"43,5 m²",328 980 €,"
2h+kt+ranskalainen parveke
"
Mäkelänkatu 93,Käpylä,Helsinki,42 m²,319 800 €,"
2h+kt+parveke
"
Leimasinkatu 9,Postipuisto,Helsinki,"54,5 m²",290 900 €,"
2h + kt
"
Leimasinkatu 9,Postipuisto,Helsinki,"54,5 m²",281 900 €,"
2h + kt
"
Apteekkarinkatu 5,Viikki,Helsinki,54 m²,289 000 €,"
2h, avok, s
"
Satamasaarentie 5 A,Vuosaari,Helsinki,53 m²,230 000 €,"
2 h, avok., kph, p
"
Leimasinkatu 9,Postipuisto,Helsinki,"54,5 m²",273 900 €,"
2h + kt
"
Teollisuuskatu 32 A 29,Vallila,Helsinki,"38,5 m²",410 455 €,"
2h+kt
"
Teollisuuskatu 32 A 22,Vallila,Helsinki,"38,5 m²",388 619 €,"
2h+kt
"
ASETELMANKATU 2 B 32,Kuninkaantammi,Helsinki,"48,5 m²",244 900 €,"
2h+kt
"
Malmin kauppatie 2 b,Malmi,Helsinki,54 m²,219 000 €,"
2 h, tupak/oh, wc, kh/s, p (Yj. 2h+kk+s)
"
Käärtipolku 10,Konala,Helsinki,43 m²,178 879 €,"
2 h, kk, kph, vh
"
Ruoholahdenkatu 24 D,Kamppi,Helsinki,55 m²,383 000 €,"
1 h+kk+alk 
"
Pojamankatu 6 A6,Kruunuvuorenranta,Helsinki,"49,5 m²",250 300 €,"
2h + kt
"
Pojamankatu 6 A11,Kruunuvuorenranta,Helsinki,"49,5 m²",255 200 €,"
2h + kt
"
Pojamankatu 6 A26,Kruunuvuorenranta,Helsinki,52 m²,256 700 €,"
2h + kt
"
Pojamankatu 6 A35,Kruunuvuorenranta,Helsinki,"49,5 m²",287 700 €,"
2h + kt
"
Pojamankatu 6 A41,Kruunuvuorenranta,Helsinki,"49,5 m²",294 300 €,"
2h + kt
"
Järkälekuja 1 D 66,Kivikko,Helsinki,44 m²,14 665 €,"
2H+KK+S
"
KOLLIKATU 2 A,Pasila,Helsinki,37 m²,227 000 €,"
2h+kt
"
Satamasaarentie 5 B,Vuosaari,Helsinki,53 m²,225 000 €,"
2 h, avok., kph, p
"
Maisemamaalauksenkatu 6 G 165,Kuninkaantammi,Helsinki,43 m²,265 500 €,"
2h+kt+s
"
Maisemamaalauksenkatu 6 G 160,Kuninkaantammi,Helsinki,42 m²,258 000 €,"
2h+kt
"
Maisemamaalauksenkatu 6 G 159,Kuninkaantammi,Helsinki,43 m²,247 700 €,"
2h+kt+s
"
Maisemamaalauksenkatu 6 G 154,Kuninkaantammi,Helsinki,42 m²,243 100 €,"
2h+kt
"
Maisemamaalauksenkatu 6 G 153,Kuninkaantammi,Helsinki,43 m²,237 100 €,"
2h+kt+s
"
Maisemamaalauksenkatu 6 G 148,Kuninkaantammi,Helsinki,42 m²,230 400 €,"
2h+kt
"
Maisemamaalauksenkatu 6 G 147,Kuninkaantammi,Helsinki,43 m²,224 100 €,"
2h+kt+s
"
Maisemamaalauksenkatu 6 F 142,Kuninkaantammi,Helsinki,43 m²,263 900 €,"
2h+kt+s
"
Maisemamaalauksenkatu 6 F 137,Kuninkaantammi,Helsinki,42 m²,261 700 €,"
2h+kt
"
Maisemamaalauksenkatu 6 F 136,Kuninkaantammi,Helsinki,43 m²,251 200 €,"
2h+kt+s
"
Maisemamaalauksenkatu 6 F 131,Kuninkaantammi,Helsinki,42 m²,246 500 €,"
2h+kt
"
Maisemamaalauksenkatu 6 F 130,Kuninkaantammi,Helsinki,43 m²,240 600 €,"
2h+kt+s
"
Maisemamaalauksenkatu 6 F 125,Kuninkaantammi,Helsinki,42 m²,238 500 €,"
2h+kt
"
Maisemamaalauksenkatu 6 F 124,Kuninkaantammi,Helsinki,43 m²,234 700 €,"
2h+kt+s
"
Maisemamaalauksenkatu 6 F 119,Kuninkaantammi,Helsinki,42 m²,230 400 €,"
2h+kt
"
Maisemamaalauksenkatu 6 F 116,Kuninkaantammi,Helsinki,42 m²,212 200 €,"
2h+kt
"
Kaarenjalka 3,Kontula,Helsinki,56 m²,179 900 €,"
2h, k, kph, vh, parv.
"
Tankomäenkatu 3,Mellunkylä,Helsinki,"41,5 m²",214 900 €,"
2h, kt, vh, kph
"
Koskelantie 64 A 47,Käpylä,Helsinki,"39,5 m²",262 000 €,"
2h, avok, kph
"
ENGLANTILAISAUKIO 10 A8,Kalasatama,Helsinki,68 m²,422 740 €,"
2h+kt 61,5 m2 + viherh.  6,5 m2
"
ASETELMANKATU 2 B 30,Kuninkaantammi,Helsinki,"48,5 m²",244 900 €,"
2h+kt
"
Maisemamaalauksenkatu 4 D 91,Kuninkaantammi,Helsinki,42 m²,248 500 €,"
2h,kt,p
"
Kaanaankatu 1b C 116,Arabianranta,Helsinki,"43,5 m²",333 200 €,"
2h+kt
"
Kaanaankatu 1b C 104,Arabianranta,Helsinki,"43,5 m²",315 800 €,"
2h+kt
"
Kaanaankatu 1b C 98,Arabianranta,Helsinki,"43,5 m²",304 900 €,"
2h+kt
"
Kaanaankatu 1b C 92,Arabianranta,Helsinki,"43,5 m²",298 500 €,"
2h+kt
"
Neitsytsaarentie 9 b,Vuosaari,Helsinki,51 m²,169 000 €,"
2h+k
"
HÖYRYPOLKU 4 B83,Pasila,Helsinki,"37,5 m²",372 700 €,"
2h+kt
"
HÖYRYPOLKU 4 B47,Pasila,Helsinki,45 m²,380 245 €,"
2h+kt
"
HÖYRYPOLKU 4 A21,Pasila,Helsinki,"44,5 m²",375 800 €,"
2h+kt
"
HÖYRYPOLKU 4 B67,Pasila,Helsinki,"45,5 m²",412 645 €,"
2h+kt
"
HÖYRYPOLKU 4 B62,Pasila,Helsinki,"45,5 m²",405 345 €,"
2h+kt
"
Vuorikummuntie 2,Konala,Helsinki,53 m²,156 000 €,"
2h + k
"
Hietalahdenranta 2 A 61,Punavuori,Helsinki,"62,5 m²",775 000 €,"
2H+KT+S+VIHERH.
"
Hietalahdenranta 2 A 22,Punavuori,Helsinki,"62,5 m²",688 200 €,"
2H+KT+S+VIHERH.
"
Lehtisaarentie 8 B,Lehtisaari,Helsinki,52 m²,235 000 €,"
2 h, k, kph, vh, p 
"
Hietalahdenranta 2 A 56,Punavuori,Helsinki,"62,5 m²",750 200 €,"
2H+KT+S+VIHERH.
"
Hietalahdenranta 2 A 43,Punavuori,Helsinki,"62,5 m²",725 400 €,"
2H+KT+S+VIHERH.
"
Hietalahdenranta 2 A 29,Punavuori,Helsinki,"62,5 m²",700 600 €,"
2H+KT+S+VIHERH.
"
Hietalahdenranta 2 A 36,Punavuori,Helsinki,"62,5 m²",713 000 €,"
2H+KT+S+VIHERH.
"
Hietalahdenranta 2 A 08,Punavuori,Helsinki,"62,5 m²",669 600 €,"
2H+KT+S+VIHERH.
"
Hietalahdenranta 2 A 58,Punavuori,Helsinki,57 m²,798 000 €,"
2H+KT+S
"
Hietalahdenranta 2 A 50,Punavuori,Helsinki,"62,5 m²",737 800 €,"
2H+KT+S+VIHERH.
"
Hietalahdenranta 2 A 15,Punavuori,Helsinki,"62,5 m²",682 000 €,"
2H+KT+S+VIHERH.
"
Tankomäenkatu 11 A 15,Mellunkylä,Helsinki,"49,5 m²",218 000 €,"
2h+kt
"
Solnantie 35 A,Munkkiniemi,Helsinki,"59,5 m²",445 175 €,"
2h, k, kph, vh
"
ASETELMANKATU 2 B32,Kuninkaantammi,Helsinki,"48,5 m²",244 900 €,"
2h+kt
"
Leiviskätie 2 C,Lassila,Helsinki,55 m²,214 000 €,"
2h + k + p
"
Larin Kyöstin polku 2,Oulunkylä,Helsinki,48 m²,325 400 €,"
2h+kt+alk
"
Larin Kyöstin polku 2,Oulunkylä,Helsinki,48 m²,320 400 €,"
2h+kt+alk
"
Larin Kyöstin polku 2,Oulunkylä,Helsinki,48 m²,318 600 €,"
2h+kt+vh
"
Solnantie 35 A,Munkkiniemi,Helsinki,"69,5 m²",490 400 €,"
2h, avokeittiö, aula, kph, vh
"
Kahvipavunkuja 10 B 20,Vuosaari,Helsinki,45 m²,234 100 €,"
2h+kt
"
Kahvipavunkuja 10 A 14,Vuosaari,Helsinki,"39,5 m²",253 300 €,"
2h+kt
"
Kahvipavunkuja 10 A 10,Vuosaari,Helsinki,"39,5 m²",243 800 €,"
2h+kt
"
Lönnrotinkatu 40 B 54,Kamppi,Helsinki,81 m²,669 000 €,"
2h+halli/alkovi+k+kph+s+erill.wc
"
Töölöntullinkatu 6 D 47,Meilahti,Helsinki,"42,5 m²",493 700 €,"
2h+kt+s
"
Töölöntullinkatu 6 D 39,Meilahti,Helsinki,"42,5 m²",459 000 €,"
2h+kt+s
"
Töölöntullinkatu 6 D 35,Meilahti,Helsinki,"42,5 m²",446 000 €,"
2h+kt+s
"
Töölöntullinkatu 6 D 31,Meilahti,Helsinki,"42,5 m²",433 000 €,"
2h+kt+s
"
Töölöntullinkatu 6 D 27,Meilahti,Helsinki,"50,5 m²",465 000 €,"
2h+kt+s
"
Töölöntullinkatu 6 C 23,Meilahti,Helsinki,"44,5 m²",455 400 €,"
2h+kt
"
Töölöntullinkatu 6 C 18,Meilahti,Helsinki,"44,5 m²",435 400 €,"
2h+kt
"
Töölöntullinkatu 6 C 13,Meilahti,Helsinki,"44,5 m²",423 400 €,"
2h+kt
"
Töölöntullinkatu 6 C 8,Meilahti,Helsinki,"44,5 m²",411 400 €,"
2h+kt
"
Töölöntullinkatu 6 C 7,Meilahti,Helsinki,"49,5 m²",488 800 €,"
2h+kt+s
"
Töölöntullinkatu 6 C 3,Meilahti,Helsinki,"44,5 m²",399 500 €,"
2h+kt
"
Töölöntullinkatu 6 C 1,Meilahti,Helsinki,"48,5 m²",455 600 €,"
2h+kt+s
"
Vanhaistentie 1 b B52,Kannelmäki,Helsinki,43 m²,259 900 €,"
2H+KT
"
Vanhaistentie 1 b B51,Kannelmäki,Helsinki,"46,5 m²",254 900 €,"
2H+KT
"
Vanhaistentie 1 b B46,Kannelmäki,Helsinki,"46,5 m²",250 900 €,"
2H+KT
"
Vanhaistentie 1 b B41,Kannelmäki,Helsinki,43 m²,250 900 €,"
2H+KT
"
Vanhaistentie 1 b B36,Kannelmäki,Helsinki,42 m²,239 900 €,"
2H+KT
"
Vanhaistentie 1 b B34,Kannelmäki,Helsinki,"46,5 m²",242 900 €,"
2H+KT
"
Vanhaistentie 1 b A28,Kannelmäki,Helsinki,43 m²,259 900 €,"
2H+KT
"
Vanhaistentie 1 b A24,Kannelmäki,Helsinki,47 m²,262 900 €,"
2H+KT
"
Vanhaistentie 1 b A23,Kannelmäki,Helsinki,43 m²,254 900 €,"
2H+KT
"
Vanhaistentie 1 b A19,Kannelmäki,Helsinki,47 m²,257 900 €,"
2H+KT
"
Vanhaistentie 1 b A18,Kannelmäki,Helsinki,43 m²,250 900 €,"
2H+KT
"
Vanhaistentie 1 b A17,Kannelmäki,Helsinki,"42,5 m²",243 900 €,"
2H+KT
"
Vanhaistentie 1 b A12,Kannelmäki,Helsinki,43 m²,246 900 €,"
2H+KT
"
Vanhaistentie 1 b A11,Kannelmäki,Helsinki,"42,5 m²",239 900 €,"
2H+KT
"
Vanhaistentie 1 b A7,Kannelmäki,Helsinki,47 m²,249 900 €,"
2H+KT
"
Vanhaistentie 1 b A1,Kannelmäki,Helsinki,47 m²,245 900 €,"
2H+KT
"
Yläkiventie 3,Vartiokylä,Helsinki,50 m²,192 980 €,"
2h + avok + p
"
ASETELMANKATU 2 B31,Kuninkaantammi,Helsinki,"48,5 m²",244 900 €,"
2h+kt
"
ASETELMANKATU 2 B30,Kuninkaantammi,Helsinki,"48,5 m²",244 900 €,"
2h+kt
"
KUSTINPOLKU 16 B38,Pasila,Helsinki,41 m²,293 900 €,"
2h+kt
"
Koskelantie 64 B 76,Käpylä,Helsinki,45 m²,291 000 €,"
2h, avok, kph, las.parveke
"
Hämeentie 153 B 72,Arabianranta,Helsinki,36 m²,299 000 €,"
2h+kt
"
Hämeentie 153 B 78,Arabianranta,Helsinki,36 m²,312 000 €,"
2h+kt
"
Hämeentie 153 A 36,Arabianranta,Helsinki,36 m²,311 400 €,"
2h+kt
"
Hämeentie 153 A 25,Arabianranta,Helsinki,43 m²,320 300 €,"
2h+kt
"
Tankomäenkatu 11 A 9,Mellunkylä,Helsinki,"49,5 m²",210 000 €,"
2h+kt
"
Töölöntullinkatu 6 E 22,Meilahti,Helsinki,46 m²,522 800 €,"
2h+kt+s
"
Töölöntullinkatu 6 E 18,Meilahti,Helsinki,41 m²,479 700 €,"
2h+kt
"
Töölöntullinkatu 6 E 17,Meilahti,Helsinki,46 m²,513 500 €,"
2h+kt+s
"
Töölöntullinkatu 6 E 12,Meilahti,Helsinki,46 m²,499 000 €,"
2h+kt+s
"
Töölöntullinkatu 6 E 13,Meilahti,Helsinki,41 m²,466 500 €,"
2h+kt
"
Töölöntullinkatu 6 E 8,Meilahti,Helsinki,41 m²,448 800 €,"
2h+kt
"
Töölöntullinkatu 6 E 3,Meilahti,Helsinki,41 m²,431 300 €,"
2h+kt
"
Töölöntullinkatu 6 E 7,Meilahti,Helsinki,46 m²,497 000 €,"
2h+kt+s
"
Saaristolaivastonkatu 8,Kruunuvuorenranta,Helsinki,"31,5 m²",255 700 €,"
2h+kt
"
Koirasaarentie 50 B 35,Kruunuvuorenranta,Helsinki,"44,5 m²",244 106 €,"
2h+kt
"
Maisemamaalauksenkatu 4 E 115,Kuninkaantammi,Helsinki,42 m²,248 500 €,"
2h+kt
"
Maisemamaalauksenkatu 4 D 91,Kuninkaantammi,Helsinki,42 m²,248 500 €,"
2h+kt
"
Risupadontie 4,Oulunkylä,Helsinki,59 m²,241 000 €,"
2h + k+ kh+ parv
"
ENGLANTILAISAUKIO 10 A168,Kalasatama,Helsinki,"52,5 m²",398 810 €,"
2h+kt+alk 46,5 m2 + viherh. 6 m2 
"
ENGLANTILAISAUKIO 10 A214,Kalasatama,Helsinki,52 m²,395 620 €,"
2h+kt 48 m2 + viherh. 4 m2
"
ENGLANTILAISAUKIO 10 A223,Kalasatama,Helsinki,52 m²,403 060 €,"
2h+kt 48 m2 + viherh. 4 m2
"
ENGLANTILAISAUKIO 10 A241,Kalasatama,Helsinki,52 m²,417 420 €,"
2h+kt 48 m2 + viherh. 4 m2 
"
ENGLANTILAISAUKIO 10 A245,Kalasatama,Helsinki,62 m²,697 183 €,"
2h+kt+s 57 m2 + viherh. 5 m2
"
ENGLANTILAISAUKIO 10 A2,Kalasatama,Helsinki,"67,5 m²",414 760 €,"
2h + kt 61 m2 + viherh. 6,5 m2
"
Fredikanterassi 3 D 215,Pasila,Helsinki,45 m²,414 500 €,"
2h+kt
"
Fredikanterassi 3 C 164,Pasila,Helsinki,45 m²,414 500 €,"
2h+kt
"
